EventID,Rec_Level,Event_Class,Primary,Gen_LogE,Gen_CosZenith,Gen_Xmax,Gen_dEdXmax,Gen_SDPPhi,Gen_SDPTheta,Gen_Chi0,Gen_Rp,Gen_T0,Gen_CoreEyeDist,Gen_CherenkovFraction,Rec_LogE,Rec_CosZenith,Rec_Xmax,Rec_dEdXmax,Rec_SDPPhi,Rec_SDPTheta,Rec_Chi0,Rec_Rp,Rec_T0,Rec_CoreEyeDist,Rec_CherenkovFraction,Pixel_Start,Pixel_End
Batch_300001788:Shower_467,10,1,2212,16.2287,0.510597,726.948,0.0209331,-1.46458,0.795983,2.34502,1381.12,28983.9,1931.73,89.525,16.2433,0,792.671,0.0228397,-1.4927,0.784086,2.33464,1387.51,28955.9,1922.63,92.743,0,62
Batch_300001788:Shower_493,10,1,2212,16.2287,0.510351,726.948,0.0209331,-0.767134,1.69863,2.60049,1755.55,29973.2,3408.29,75.428,16.2831,0,761.644,0.0251467,-0.771776,1.69562,2.60213,1761.13,29972.5,3428.46,84.2353,62,93
Batch_300001788:Shower_5271,10,1,26056,16.5267,0.865692,563.361,0.0479584,-2.95388,1.36987,1.08292,1778.71,28954.3,2013.65,63.5019,16.5571,0,572.489,0.0505268,-2.98343,1.39507,1.08912,1830.95,28893.2,2065.43,66.6721,93,135
Batch_300001212:Shower_864,10,1,7014,16.0694,0.809692,640.834,0.0173095,1.83175,1.86507,1.00832,1395.47,28974.3,1649.61,75.969,16.0841,0,751.729,0.0162035,1.87304,1.83719,1.02607,1274.91,28965,1487.24,79.6192,135,162
Batch_300001212:Shower_8457,10,4,2212,15.8265,0.635852,495.157,0.0102568,1.67584,2.22373,0.928006,993.129,29989.6,1240.75,96.8894,15.9241,0,518.118,0.011046,1.72449,2.1798,0.910937,1082.78,29964.3,1380.73,97.1661,162,198
Batch_300001212:Shower_8537,10,4,7014,15.9625,0.715394,562.499,0.0131925,2.24334,2.27,1.20747,574.435,29996.5,614.554,97.279,16.2079,0,463.678,0.0216282,2.21033,2.28432,1.22855,718.581,29979.5,770.087,97.4876,198,239
Batch_300000319:Shower_1342,10,4,26056,16.4938,0.703027,523.836,0.0416882,-0.952563,0.79839,1.76262,1141.42,29985.2,1162.75,88.7796,16.4672,0,528.076,0.0400212,-0.970446,0.799616,1.75158,1157.96,29979.8,1178.32,92.4927,239,289
Batch_300000319:Shower_2216,10,1,7014,17.1461,0.474236,626.137,0.192829,0.50552,2.51909,2.19028,3663.16,28608.1,4499.21,52.0064,17.1213,0,751.948,0.185062,0.434779,2.50246,2.27649,3522.58,28508.7,4613.06,55.9253,289,324
Batch_300000319:Shower_2356,10,4,2212,16.2548,0.657761,585.224,0.0279362,0.474198,2.40318,1.7843,739.783,29994.6,756.971,96.6958,16.2158,0,494.428,0.021681,0.444275,2.40155,1.78333,735.496,30011.4,752.506,97.7574,324,378
Batch_300000319:Shower_3796,10,1,26056,16.0857,0.909669,498.827,0.0172249,2.23007,1.80178,1.20669,890.871,28967.5,953.372,83.4725,15.7841,0,453.411,0.00828147,2.1988,1.81159,1.15369,853.007,29072,935.89,93.1097,378,395
Batch_300000319:Shower_8515,9,1,7014,16.6057,0.608715,607.994,0.0592932,-0.0965903,1.87549,2.44895,2069.53,28954.6,3240.88,58.1627,-inf,0,0,0,-0.175428,1.80498,2.54812,2195.34,28651.7,3912.44,44.73,395,415
Batch_300001364:Shower_2407,10,4,2212,15.6962,0.64754,823.987,0.00680207,2.9412,2.39053,1.2497,933.215,29990.6,983.479,90.2034,15.8916,0,791.2,0.0102659,2.88437,2.41188,1.28839,1035.14,29965.7,1075.2,94.018,415,463
Batch_300001364:Shower_6541,5,1,2212,16.2487,0.901524,809.609,0.027707,2.77993,1.39591,1.15663,645.157,29994,704.74,79.8414,-inf,0,0,0,2.82228,1.54242,2.02907,425.841,28963.6,496.114,-123,463,524
Batch_300001364:Shower_8787,5,0,2212,16.0472,0.817412,696.569,0.0154541,-1.37247,0.984913,1.76564,837.242,29991,853.389,86.9693,-inf,0,0,0,-1.36058,0.864856,2.49349,700.108,28994,1059.24,-123,524,556
Batch_300001364:Shower_8995,10,1,2212,16.0561,0.563501,602.416,0.0160517,0.407259,1.26272,2.50831,1738.01,29970.8,2936.85,78.2525,15.9052,0,609.025,0.0106718,0.385548,1.24548,2.49373,1540.12,30036.5,2555.13,88.6582,556,592
Batch_300001292:Shower_6140,10,4,2212,16.015,0.86506,596.472,0.0157001,-2.71999,1.35819,1.08636,747.499,29992,844.692,89.2421,16.0655,0,602.683,0.0157715,-2.70474,1.34663,1.0901,770.087,29987.1,868.194,93.4373,592,642
Batch_300001292:Shower_7968,10,0,2004,16.6678,0.903246,654.087,0.0712889,-2.73875,1.88355,1.25077,1463.24,28967.6,1541.51,50.9179,16.7395,0,666.344,0.0762171,-2.74322,1.88738,1.26696,1469.68,28922.5,1539.36,49.1961,642,745
Batch_300001292:Shower_8632,5,5,7014,15.7142,0.536248,631.621,0.00651926,-0.155161,1.66039,2.57292,165.476,30000.1,307.283,99.6113,-inf,0,0,0,0.848717,2.87853,2.42695,184.077,29277,307.972,-123,745,805
Batch_300001292:Shower_9794,10,1,2212,16.3583,0.724284,585.771,0.0323565,-2.04588,0.889524,1.94005,1604.43,28968.6,1720.39,72.2801,16.2692,0,714.538,0.0246872,-2.01235,0.892109,1.9774,1383.8,28986.6,1509.27,84.7564,805,824
Batch_300000500:Shower_1378,5,4,2004,15.564,0.694057,672.319,0.00542795,0.406306,2.07593,2.22541,971.337,29988.9,1224.45,91.701,-inf,0,0,0,0.376614,1.94201,2.39513,265.929,29754.5,365.613,-123,824,865
Batch_300000500:Shower_1872,3,6,2004,16.667,0.768663,648.699,0.0683158,-2.50473,1.01378,2.00817,3317.73,24897.9,3662.49,13.5034,-inf,0,0,0,-0.510529,0.00497752,0.00674668,-156.56,171.133,-nan,-123,865,869
Batch_300000500:Shower_5237,10,1,2212,16.0586,0.630895,691.143,0.0192813,1.87688,2.45838,1.60343,1489.55,28976.5,1490.34,83.4274,16.1384,0,745.195,0.0179362,1.96345,2.44419,1.54314,1472.74,28974.2,1481.45,87.9103,869,906
Batch_300000500:Shower_8048,10,0,7014,16.2121,0.762566,605.412,0.0200323,-0.893189,0.882414,1.72914,831.56,29991.9,842.096,89.7624,16.238,0,658.59,0.0237213,-0.860025,0.877232,1.76471,836.498,29973.5,848.289,91.8512,906,962
Batch_300000500:Shower_9232,5,0,2212,16.7374,0.828409,712.039,0.0910778,2.86667,2.14388,1.73852,581.952,29838.4,590.234,70.2011,-inf,0,0,0,2.83233,2.12999,1.5408,579.901,30157,589.608,-123,962,1058
Batch_300000500:Shower_9730,10,4,26056,15.7358,0.861625,484.985,0.00712693,-2.02532,1.04867,1.46186,927.588,29987.6,933.12,87.7187,15.8564,0,464.988,0.00975105,-2.04851,1.05687,1.45331,936.948,29976.6,944.168,90.3362,1058,1083
Batch_300000104:Shower_4302,10,1,2004,15.7886,0.751391,570.382,0.00912866,-1.06161,0.965978,1.98968,978.225,29988.5,1070.8,89.146,15.8589,0,708.28,0.00961521,-1.03393,0.966908,2.01509,916.153,29987.3,1014.18,93.0622,1083,1127
Batch_300000104:Shower_4315,5,4,2004,15.7886,0.751396,570.382,0.00912866,0.564698,2.09545,2.08988,709.847,29994.3,817.538,95.587,-inf,0,0,0,0.441562,2.11278,0.544647,562.144,29084.1,1029.52,-123,1127,1164
Batch_300000104:Shower_6605,10,1,7014,16.6347,0.522621,528.151,0.0637459,0.181395,1.97565,2.53616,1879.22,29968,3301.98,85.8869,16.6418,0,535.253,0.0607675,0.21226,2.00654,2.52338,1883.62,29963,3252.7,89.0579,1164,1220
Batch_300000574:Shower_3058,10,0,2004,16.8337,0.399263,607.477,0.107795,0.979446,1.77582,2.7203,2887.18,28940.2,7060.09,83.6893,17.0151,0,1085.59,0.140585,0.972248,1.76951,2.79309,2834.62,28630.3,8259.38,56.7525,1220,1272
Batch_300000439:Shower_2718,10,1,2004,15.921,0.883135,522.554,0.0118733,-3.10188,1.83781,1.15675,1285.93,29976.2,1404.63,78.9007,16.3648,0,709.235,0.0313077,-3.11923,1.85551,1.2469,1351.21,29728,1418.48,73.8617,1272,1318
Batch_300000439:Shower_4114,10,0,26056,16.8535,0.73861,583.047,0.100517,-2.60117,0.835604,1.47942,2306.99,28933.2,2316.65,57.0245,16.8069,0,655.39,0.0887667,-2.51141,0.814069,1.54072,2163.69,28986.7,2162.6,71.0615,1318,1339
Batch_300000439:Shower_4214,5,4,7014,15.3313,0.833507,518.886,0.0028779,-2.11296,1.38636,1.01189,676.85,29993.9,798.326,94.1833,-inf,0,0,0,-2.2113,1.20468,1.86295,312.626,29227.8,299.131,-123,1339,1360
Batch_300000439:Shower_4638,10,4,2004,15.6372,0.872977,574.148,0.00673535,-3.03293,1.9803,1.25851,742.715,29992,780.462,88.3648,15.7559,0,523.307,0.00771942,-3.02228,1.97511,1.25249,739.805,29999.2,779.36,94.1716,1360,1384
Batch_300000439:Shower_8459,10,1,7014,17.0734,0.493214,600.69,0.174265,0.605334,2.35027,2.37458,2045.94,29964.2,2948.09,85.7285,17.0661,0,596.4,0.161881,0.593875,2.34571,2.37931,2021.14,29984.3,2926.03,88.1312,1384,1456
Batch_300000439:Shower_9858,10,4,26056,15.9598,0.865441,531.833,0.011889,-2.84696,1.49373,1.0511,665.493,29993.7,766.722,92.3528,15.9644,0,496.785,0.0124445,-2.8429,1.48987,1.04892,658.479,29999.3,759.806,96.4272,1456,1513
Batch_300001097:Shower_2563,10,7,7014,15.7534,0.697048,523.154,0.00755625,0.983521,1.68995,2.36302,1275.87,29981.4,1816.8,86.5829,14.7772,0,733.437,0.000812462,1.07435,1.76278,2.31154,646.818,30127.6,891.338,96.8051,1513,1538
Batch_300001097:Shower_3490,10,4,2212,15.75,0.717263,532.964,0.00866537,-3.00937,2.09735,0.978307,1028.27,29987.5,1239.55,93.9761,15.8717,0,505.1,0.00999672,-3.00337,2.09183,0.979112,1118.72,29963.8,1348.85,95.4336,1538,1566
Batch_300001097:Shower_5031,10,1,7014,16.2412,0.618489,535.047,0.0235657,0.735456,1.35067,2.45473,1420.7,28979,2240.46,85.9386,16.2172,0,697.996,0.0218462,0.763831,1.37892,2.4782,1337.18,28962.6,2166.35,89.931,1566,1595
Batch_300001097:Shower_7733,5,5,7014,15.7735,0.781159,516.538,0.00863672,2.80196,1.82893,0.940614,271.6,29999.8,336.172,98.8656,-inf,0,0,0,6.40453,2.21189,2.34595,22.89,29321.2,28.2225,-123,1595,1647
Batch_300000333:Shower_1432,10,1,2212,15.4949,0.638277,585.714,0.0060858,1.69273,2.2087,2.22293,1393.01,28979.3,1752.67,84.8106,15.4859,0,703.18,0.0041015,1.53588,2.14455,2.31495,1190.39,29043.1,1612.47,92.2271,1647,1673
Batch_300000333:Shower_1890,10,7,26056,15.9451,0.486172,500.836,0.011864,-0.297075,1.37504,2.62255,1187.87,29988.8,2394.67,96.2171,16.7219,0,391.247,0.0752901,-0.409385,1.22609,2.62827,1645.82,29827.1,3331.92,94.0718,1673,1702
Batch_300000333:Shower_2289,10,1,2212,16.623,0.736498,683.654,0.0680474,1.7478,2.09291,1.01514,1684.71,29964.8,1983.04,74.003,16.5911,0,674.094,0.0532105,1.74462,2.09528,1.00401,1632.06,30023.2,1933.99,81.0879,1702,1764
Batch_300000333:Shower_3162,10,0,7014,17.0769,0.619738,574.518,0.177743,2.4373,2.4202,1.92306,1627.96,28894.7,1734.46,82.9791,17.4152,0,467.461,0.391933,2.47803,2.41945,1.90991,1608.57,28849.7,1707.42,67.8125,1764,1826
Batch_300000333:Shower_5793,10,1,7014,16.2973,0.559021,582.659,0.0291982,-0.345479,0.764112,2.2003,1699.66,29972.9,2102.71,85.7667,16.3119,0,540.25,0.0274057,-0.377166,0.755502,2.17042,1703.76,29991.5,2069.98,91.6852,1826,1853
Batch_300000174:Shower_4449,10,1,2212,16.0114,0.582626,617.389,0.0145282,-0.764838,1.06419,2.41186,1419.13,29979.7,2128.7,83.7319,16.2249,0,439.895,0.0231486,-0.768038,1.06933,2.3957,1740.05,29945.2,2549.14,89.9889,1853,1877
Batch_300000174:Shower_7953,5,4,7014,15.5857,0.833804,514.73,0.00547928,2.88613,1.49654,0.989993,1009.25,29985.8,1207.2,88.8131,-inf,0,0,0,2.77832,1.45317,3.10391,753.276,31811.3,28614.9,-123,1877,1949
Batch_300000174:Shower_8220,10,1,26056,16.829,0.553507,577.307,0.0947933,1.98513,2.48421,2.00727,2576.31,28936.3,2842.84,68.2546,16.7068,0,668.3,0.0698558,1.9461,2.47772,2.04525,2416.81,28951.3,2714.74,71.3413,1949,1978
Batch_300000174:Shower_8221,5,4,26056,16.829,0.553783,577.307,0.0947933,3.06791,2.47904,1.12029,1149.78,29987.5,1277.22,96.3624,-inf,0,0,0,7.23082,2.63306,2.43531,-43.2324,28372.1,-53.2918,-123,1978,2011
Batch_300000730:Shower_3831,10,4,7014,16.1243,0.737829,584.886,0.0189236,0.748076,1.43262,2.30094,832.154,29991.8,1116.87,93.2136,16.2701,0,666.271,0.0249029,0.73164,1.42095,2.30922,852.795,29975.5,1152.24,95.905,2011,2036
Batch_300000730:Shower_6891,5,7,2212,15.6238,0.707761,657.426,0.00691002,2.07747,1.76189,0.80484,1290.48,29980.9,1790.54,89.8229,-inf,0,0,0,0.282582,2.58203,1.78158,163.248,38252.1,139.238,-123,2036,2081
Batch_300000730:Shower_6895,10,4,2212,15.6238,0.707505,657.426,0.00691002,-0.110031,2.17297,2.10901,649.1,29995.6,755.974,95.694,15.1811,0,587.438,0.00192422,-0.241847,2.10082,2.13852,428.911,30038.5,495.557,98.1757,2081,2105
Batch_300000730:Shower_7687,10,1,7014,15.8928,0.785085,561.01,0.0121852,1.97566,1.83292,0.94881,1303.32,28978.1,1603.64,86.5024,16.0966,0,469.087,0.0168749,1.89936,1.89904,0.944238,1527.16,28963.8,1890.45,91.4258,2105,2121
Batch_300000730:Shower_8836,10,7,7014,15.996,0.627404,545.724,0.0144677,-0.937343,0.940024,2.25146,1236.67,29984.2,1591.28,90.1484,16.0624,0,801.588,0.0152065,-0.981442,0.918093,2.25283,1148.96,29947.4,1485.35,93.4918,2121,2157
Batch_300000730:Shower_8939,5,4,7014,16.207,0.553681,555.537,0.0223325,0.15909,1.00759,2.42737,652.72,29996.6,996.474,98.2823,-inf,0,0,0,0.118462,1.26077,0.144703,250.258,30340.6,1461.28,-123,2157,2209
Batch_300000730:Shower_9611,10,1,7014,16.6597,0.947242,599.617,0.0675303,-3.12465,1.29097,1.40058,1233.71,29456.6,1251.8,55.441,16.3781,0,578.538,0.0298844,-3.13458,1.28251,1.08409,1322.58,30261.8,1508.06,83.1517,2209,2275
Batch_300001243:Shower_251,5,5,2004,15.7165,0.777572,527.173,0.00837876,-0.341617,1.89081,2.18145,741.365,29993.1,904.908,94.8156,-inf,0,0,0,0.0400298,2.46807,2.60254,327.382,30529.3,557.242,-123,2275,2302
Batch_300001243:Shower_6204,10,7,2004,16.0618,0.696755,588.043,0.0160934,2.64032,0.985263,0.989707,1612.9,29969.8,1929.62,83.0477,16.1627,0,621.51,0.0193821,2.58005,1.02349,0.986318,1676.98,29854.2,2009,82.9957,2302,2333
Batch_300001243:Shower_6248,5,1,2004,16.0618,0.696711,588.043,0.0160934,2.45638,1.10094,0.896734,974.796,29989.6,1247.67,94.7028,-inf,0,0,0,2.38413,1.03178,0.1088,885.933,31441.5,6161.36,-123,2333,2362
Batch_300001243:Shower_8497,5,4,2212,16.7627,0.468646,695.174,0.0945956,-0.255123,0.895252,2.49685,1296.23,28987.1,2156.81,96.1003,-inf,0,0,0,0.207547,2.01877,2.86326,120.516,28897.5,425.962,-123,2362,2378
Batch_300000807:Shower_2214,10,1,7014,16.3533,0.468265,583.582,0.0321386,1.44866,2.33976,2.431,2213.47,28959.9,3393.42,84.3727,16.1838,0,839.08,0.0196642,1.31244,2.25741,2.53667,1854.15,29005.7,3242.44,87.3375,2378,2406
Batch_300000807:Shower_4863,5,4,26056,16.0791,0.618126,529.182,0.0160581,1.53191,2.37702,1.10376,997.005,29990.1,1116.58,96.4413,-inf,0,0,0,0.834154,2.19885,2.38472,343,30782.5,368.447,-123,2406,2443
Batch_300000807:Shower_7488,10,5,7014,15.4978,0.732227,520.989,0.0046953,2.71439,2.30093,1.3848,732.885,29993.8,745.746,95.9831,15.4214,0,636.198,0.00353159,2.88206,2.24279,1.29045,678.067,29988.6,715.381,97.5679,2443,2463
Batch_300000807:Shower_8424,10,0,2212,16.179,0.454592,768.969,0.0276199,-0.863111,1.73074,2.66237,1756.46,29975.3,3809.35,85.7236,16.2898,0,669.946,0.0257833,-0.88692,1.70204,2.64845,1724.39,30025.9,3642.43,90.5924,2463,2519
Batch_300000807:Shower_8508,10,4,2212,15.7821,0.724641,510.38,0.00942904,0.287518,1.31941,2.29613,594.992,29996.5,795.152,97.1441,15.9498,0,713.228,0.0121696,0.304562,1.33121,2.32453,626.739,29976.7,854.565,97.2161,2519,2563
Batch_300000311:Shower_2837,10,1,26056,16.3045,0.582673,557.743,0.0273999,-1.76692,0.636992,1.77186,2178.85,28952.4,2223.65,76.2212,16.515,0,880.319,0.0439661,-1.57565,0.634198,1.99641,2164.07,28689.5,2351.71,67.2783,2563,2587
Batch_300001671:Shower_360,10,4,2004,15.6707,0.596146,563.59,0.00650683,-1.43284,0.879331,2.25628,867.021,28993.1,1120.02,96.2748,15.6083,0,709.358,0.00540197,-1.46539,0.864826,2.244,846.291,28970.6,1085.93,97.5289,2587,2634
Batch_300001671:Shower_1455,10,1,2212,16.1606,0.461409,622.128,0.0212006,0.235069,1.86571,2.63772,1704.63,28977.1,3530.58,89.8357,15.9616,0,639.905,0.0120008,0.337952,1.9926,2.59233,1463.68,29045.6,2814.62,95.3818,2634,2658
Batch_300001671:Shower_1736,10,1,2004,16.2535,0.831506,585.393,0.0295198,2.24635,2.14989,1.45648,1434.81,28971.6,1444.23,66.25,16.2768,0,558.093,0.0251164,2.25066,2.14533,1.43446,1456.06,29012.3,1472.11,75.9586,2658,2697
Batch_300001671:Shower_7174,10,0,2004,16.9436,0.71044,643.075,0.133329,1.81328,2.31488,1.83282,2856.97,27856.8,2957.93,29.6292,16.9452,0,706.736,0.122453,1.79998,2.31928,1.89038,2833.64,27634.2,2977.34,25.3053,2697,2755
Batch_300001671:Shower_8228,10,1,2212,16.5062,0.836791,648.505,0.0497896,-1.95723,1.15178,1.15778,1945.61,28947.4,2124.23,51.1592,16.5961,0,722.88,0.0541453,-2.01066,1.2031,1.14651,1890.39,28950.6,2074.99,56.9595,2755,2788
Batch_300001671:Shower_8777,5,4,26056,15.8376,0.662953,506.603,0.00934876,1.01534,2.07396,2.2829,1271.35,29982.3,1679.49,90.9576,-inf,0,0,0,0.308159,1.57506,2.2581,210.744,29243.6,314.448,-123,2788,2803
Batch_300001622:Shower_6535,5,7,7014,16.0587,0.71845,609.849,0.0154961,-2.77219,1.3101,0.838079,1707.78,28965.2,2297.38,83.9746,-inf,0,0,0,0.360236,1.84625,2.57274,-35.2651,28472.6,-0.0130451,-123,2803,2836
Batch_300001622:Shower_6624,10,1,7014,16.4014,0.873256,607.244,0.036352,-1.51617,1.06187,1.57073,1123.32,29825.5,1123.32,67.8178,16.2577,0,598.128,0.0243749,-1.50313,1.06691,1.49174,1109.48,30002.2,1119.45,71.1547,2836,2862
Batch_300001622:Shower_6629,10,1,7014,16.4014,0.873355,607.244,0.036352,-2.91875,1.47772,1.06972,1162.66,29980.9,1325.63,76.4065,16.4242,0,617.915,0.0366991,-2.9159,1.47642,1.07858,1186.5,29954.6,1345.51,80.0968,2862,2923
Batch_300001622:Shower_7779,10,1,2212,15.7525,0.616588,570.324,0.00822085,-2.8686,0.68915,1.32374,1573.22,28974.3,1622.48,89.1169,15.9589,0,821.685,0.0119759,-2.83557,0.680257,1.3797,1497.23,28883.2,1523.37,89.8558,2923,2947
Batch_300000953:Shower_5652,10,1,26056,17.0093,0.692402,628.944,0.14041,3.07018,0.853262,1.16488,3465.05,27859.7,3771.52,39.9716,17.1496,0,781.901,0.198913,3.07536,0.847783,1.22052,3360.75,27582.7,3577.83,36.3317,2947,3014
Batch_300000953:Shower_5664,10,1,26056,17.0093,0.691946,628.944,0.14041,-1.66696,1.03638,2.20699,1920.45,28956.8,2387.55,59.4548,17.0369,0,650.242,0.155561,-1.67923,1.0332,2.20821,1939.7,28917.4,2413,63.0562,3014,3074
Batch_300000953:Shower_9340,5,4,7014,16.822,0.71597,612.789,0.0885134,2.49759,1.91732,0.864984,1173.55,29983.7,1541.94,93.0229,-inf,0,0,0,-3.56419,1.9184,2.21734,708.103,27683.8,827.193,-123,3074,3090
Batch_300001394:Shower_107,5,4,2212,15.9193,0.83644,638.367,0.0112894,-2.5798,1.17015,1.13932,584.393,29995.2,643.358,92.543,-inf,0,0,0,-2.56721,1.19663,0.541155,478.761,30801.8,1082.2,-123,3090,3130
Batch_300001394:Shower_5751,5,4,7014,16.039,0.579806,614.426,0.0160232,-1.64101,0.843195,0.888748,1212.52,28986.2,1561.96,96.1883,-inf,0,0,0,0.0325584,0.262792,1.90833,154.117,27789.9,74.7917,-123,3130,3155
Batch_300001394:Shower_5779,10,4,7014,16.039,0.579378,614.426,0.0160232,1.00121,1.8262,2.49916,1304.29,29983.3,2176.93,88.7709,16.1379,0,612.045,0.0181685,1.01828,1.84044,2.49544,1373.04,29966,2279.24,93.3559,3155,3179
Batch_300001394:Shower_6365,10,4,26056,15.851,0.687741,598.667,0.00901458,1.06958,2.20145,2.12237,950.541,29990.1,1116.05,90.001,15.864,0,549.221,0.00981867,1.0747,2.20212,2.11758,1021.59,29974.3,1193.56,94.4803,3179,3209
Batch_300001394:Shower_6369,5,4,26056,15.851,0.687851,598.667,0.00901458,2.16779,2.36149,1.3606,557.032,29996.6,569.569,96.7505,-inf,0,0,0,1.68228,1.78747,3.08879,168.04,30627.4,752.532,-123,3209,3259
Batch_300001394:Shower_8626,10,1,26056,16.1421,0.567956,525.175,0.0191927,-0.258782,1.86547,2.50563,1579.73,28975.6,2659.71,94.0521,16.4189,0,687.113,0.0331645,-0.296469,1.82018,2.52384,1620.35,28938,2796.39,84.7899,3259,3308
Batch_300000608:Shower_5430,10,1,2212,15.5074,0.712936,518.459,0.00438224,2.09483,1.69187,0.801003,1125.67,28985.3,1567.67,94.7899,16.5027,0,263.556,0.0447296,-2.83443,0.810503,1.56083,2176.58,28629.6,2157.31,88.5328,3308,3381
Batch_300000608:Shower_5498,10,1,7014,16.1937,0.774229,632.094,0.0210147,-2.57026,1.64212,0.888426,1154.44,29983.3,1487.53,86.3506,16.2038,0,674.578,0.0212928,-2.58463,1.65688,0.899085,1113,29971.5,1420.55,89.4288,3381,3440
Batch_300000608:Shower_5716,10,0,2212,16.1883,0.700404,719.626,0.0227934,-1.22333,0.838349,1.91267,1268.39,28980.7,1346.3,79.9549,16.2835,0,776.34,0.0254875,-1.19843,0.837891,1.93916,1259.05,28958.3,1346.49,85.9265,3440,3469
Batch_300000409:Shower_1352,10,4,26056,15.4834,0.729507,482.982,0.00409402,2.5351,1.3287,0.850071,882.61,29991,1174.73,95.7481,16.0424,0,848.435,0.0144882,2.53158,1.33857,0.896159,933.47,29892.2,1192.62,96.0216,3469,3507
Batch_300000409:Shower_1653,10,4,7014,15.6449,0.882501,526.323,0.00626659,2.97143,1.64538,1.08629,804.606,29990.5,909.255,90.8112,16.1534,0,510.565,0.0193381,3.00848,1.6265,1.16289,865.128,29828.8,936.687,86.9502,3507,3529
Batch_300000409:Shower_1833,5,4,2004,16.1367,0.690087,603.956,0.0206944,-1.82442,1.20793,0.830208,778.374,29993.3,1054.61,96.8505,-inf,0,0,0,-0.327693,0.142771,1.53056,85.6992,28877.9,27.4627,-123,3529,3579
Batch_300000409:Shower_3384,10,5,2004,15.7253,0.601664,529.331,0.00796662,1.53094,2.28345,2.22192,912.49,29991.4,1147.21,96.1947,15.8765,0,624,0.0100207,1.573,2.29923,2.20667,1001.57,29952.9,1240.81,97.2464,3579,3604
Batch_300000821:Shower_1159,10,1,2004,16.7519,0.980509,609.091,0.0944306,-3.01327,1.38075,1.51551,1867.18,28019.9,1870.04,25.1506,16.85,0,554.386,0.0999417,-3.0251,1.38831,1.45906,1899.47,28188.2,1911.74,20.4069,3604,3666
Batch_300000821:Shower_3319,10,7,2004,15.7545,0.611489,583.24,0.00869556,1.5681,2.48222,1.51104,1062.22,29988.9,1064.12,95.721,15.4193,0,854.328,0.00348108,1.64326,2.46715,1.46361,783.149,30015.7,787.56,97.7248,3666,3691
Batch_300000821:Shower_5217,10,1,2212,15.6886,0.726983,664.63,0.00703776,-0.824094,1.00128,2.09966,1005.65,29987.6,1164.78,86.517,15.6973,0,760.014,0.00660639,-0.812893,1.00418,2.11519,940.399,29982,1100.34,92.7099,3691,3712
Batch_300000821:Shower_5245,8,4,2212,15.6886,0.727094,664.63,0.00703776,1.7308,2.31313,1.40763,725.253,29993.7,735.015,95.1558,-inf,0,0,0,1.65843,2.3349,1.44331,690.738,30008.5,691.041,97.887,3712,3735
Batch_300000821:Shower_7135,10,0,2212,16.9683,0.708581,679.549,0.145249,3.01833,2.34295,1.71808,1638.82,28356.1,1656.75,49.7761,16.788,0,830.54,0.0836983,3.00548,2.3459,1.61755,1681.82,28700.8,1688.1,32.0676,3735,3799
Batch_300000821:Shower_7137,10,1,2212,16.9683,0.70852,679.549,0.145249,2.64867,2.26548,1.96729,1516.13,28413.3,1643.64,49.9008,16.7442,0,716.805,0.0755761,2.66168,2.25494,1.84128,1545.29,28762.8,1609.9,43.9988,3799,3867
Batch_300000821:Shower_7144,5,4,2212,16.9683,0.708606,679.549,0.145249,3.02202,2.34334,1.71551,561.056,28779.7,566.983,81.9008,-inf,0,0,0,2.77953,2.70634,0.430527,-19.2129,27910.1,253.407,-123,3867,3922
Batch_300000821:Shower_7378,10,1,2004,16.6213,0.685901,622.316,0.0610344,-2.84647,1.92486,0.819756,2052.06,29952.2,2807.27,83.2327,16.8838,0,753.905,0.107221,-2.84425,1.91069,0.871028,2141.54,29715.1,2791.42,77.4207,3922,3956
Batch_300000821:Shower_8192,10,4,2212,15.8219,0.806192,591.753,0.0108945,2.62582,2.1831,1.3983,1221.1,29980.3,1239.49,82.7228,16.1413,0,266.86,0.0187368,2.60164,2.18556,1.36115,1569.73,30032.8,1613.62,89.6037,3956,3986
Batch_300000270:Shower_683,10,0,2004,16.7123,0.523285,658.004,0.0722506,-0.754875,0.608688,1.98485,1773.32,29971.7,1937,88.3454,17.1578,0,732.613,0.208832,-0.615986,0.625821,2.16174,1687.59,29821.1,1997.19,81.6628,3986,4014
Batch_300000270:Shower_2123,10,0,2212,16.7902,0.848468,708.613,0.10072,-3.03712,2.128,1.59505,826.962,28688.6,827.205,58.3537,16.6681,0,792.672,0.0637654,-3.03373,2.12086,1.49335,839.472,28880.9,845.019,50.9527,4014,4127
Batch_300000270:Shower_3183,10,1,2212,15.6455,0.565629,758.382,0.00772445,0.41818,1.96679,2.48128,1042.94,29989.6,1700.37,90.9309,15.591,0,851.741,0.00510891,0.381368,1.93126,2.49551,911.748,30019.4,1511.69,95.5996,4127,4172
Batch_300000270:Shower_3560,5,1,26056,15.84,0.717237,502.713,0.00978179,-2.87468,1.81291,0.831143,788.018,29992.7,1066.76,96.9378,-inf,0,0,0,0.394754,1.69289,2.74255,-73.9226,28810.4,-42.3591,-123,4172,4201
Batch_300000270:Shower_3570,10,1,26056,15.84,0.717282,502.713,0.00978179,-2.8121,1.75633,0.817854,1069.9,29986.6,1466.26,94.8181,16.3131,0,736.523,0.0275713,-2.74945,1.68368,0.835375,1180.04,29900.6,1588.6,95.7066,4201,4228
Batch_300000270:Shower_4395,5,4,2004,16.2392,0.911306,644.799,0.0242448,2.71981,1.18564,1.38798,609.56,28864.7,619.89,73.5936,-inf,0,0,0,2.63564,1.04327,0.42372,444.716,30064.9,1113.1,-123,4228,4259
Batch_300000270:Shower_4488,5,4,2004,16.6799,0.790367,555.266,0.0740338,2.73318,2.16288,1.87998,834.338,28685.3,875.869,69.5204,-inf,0,0,0,2.63984,2.07311,1.08248,751.049,30179.5,923.084,-123,4259,4286
Batch_300000270:Shower_9363,10,1,26056,16.3185,0.644462,525.296,0.0288048,-0.818299,1.00955,2.27584,1808.09,29964.1,2374.12,73.7049,16.2281,0,682.715,0.0225541,-0.832752,0.995824,2.29207,1616.14,29971.7,2156.88,81.0647,4286,4314
Batch_300000270:Shower_9389,10,1,26056,16.3185,0.64505,525.296,0.0288048,2.84022,1.62054,0.701737,1875.49,28962.4,2905.29,91.0056,16.2228,0,603.227,0.0226381,2.8472,1.61039,0.703582,1697.25,28992.3,2622.8,94.1689,4314,4342
Batch_300000367:Shower_2652,10,1,2004,16.243,0.776602,537.964,0.0274742,1.74437,2.0699,1.08519,1459.69,29972,1650.5,82.2516,16.34,0,474.34,0.0303836,1.77572,2.04046,1.06197,1558.18,29968.4,1789.56,88.0185,4342,4371
Batch_300000367:Shower_9236,10,1,7014,15.6448,0.808685,520.063,0.00638129,1.90442,1.88784,1.01796,849.843,29990.5,998.596,92.4377,15.9507,0,526.974,0.0120208,1.91776,1.88519,1.04156,933.787,29937.1,1082.84,90.4548,4371,4399
Batch_300000775:Shower_5981,10,1,2212,17.0014,0.412467,677.592,0.152227,-1.67371,0.778729,2.51256,3178.98,28544.6,5403.09,70.6242,17.0112,0,524.217,0.145312,-1.66193,0.785999,2.49305,3381.75,28654.3,5593.95,69.4358,4399,4422
Batch_300000775:Shower_6306,10,4,2212,15.8407,0.748408,708.695,0.0105745,-3.13629,2.15803,1.11746,603.792,29995.7,671.632,94.2744,15.7656,0,591.986,0.00782769,-3.14715,2.16233,1.09336,582.255,30042.9,658.078,97.7561,4422,4463
Batch_300000775:Shower_9166,10,1,2212,16.5264,0.854113,721.245,0.0611235,2.44347,1.72692,1.04418,1423,28970.9,1646.02,61.8286,16.6605,0,748.246,0.0624468,2.44066,1.72913,1.04691,1415.6,28964.1,1634.6,66.2377,4463,4518
Batch_300000775:Shower_9174,10,0,2212,16.5264,0.853981,721.245,0.0611235,1.11474,2.11789,1.58081,1130.21,29982,1130.27,65.2054,16.4661,0,633.514,0.0397521,1.118,2.11054,1.52225,1126.64,30064.1,1131.45,89.4701,4518,4561
Batch_300000775:Shower_9179,10,1,2212,16.5264,0.854031,721.245,0.0611235,1.66706,2.05401,1.30323,1115.77,29982.3,1156.94,65.1703,16.6616,0,592.266,0.063203,1.66957,2.0449,1.261,1129.72,30048.2,1189.69,57.6903,4561,4635
Batch_300001542:Shower_2756,10,0,7014,16.9473,0.976261,629.76,0.130977,2.56494,1.48811,1.36812,2474.46,27296.6,2526.17,20.5885,16.9849,0,661.457,0.135152,2.56572,1.48948,1.39987,2407.85,27200.1,2443.28,13.5276,4635,4699
Batch_300000530:Shower_1619,5,4,2004,16.0225,0.777251,553.171,0.0164346,0.21813,2.18339,1.88815,594.07,29995.3,625.293,96.5485,-inf,0,0,0,0.225762,2.2083,1.25919,590.097,30271.9,612.387,-123,4699,4736
Batch_300000530:Shower_1898,10,5,2004,15.4918,0.7655,628.752,0.00447864,1.35372,2.23045,1.82125,680.495,29994.6,702.41,93.1988,15.4568,0,690.783,0.00382639,1.35352,2.23161,1.82466,643.977,29997.4,665.908,96.9454,4736,4760
Batch_300000530:Shower_6632,5,1,7014,16.5081,0.945736,641.651,0.0437987,-1.9563,1.50621,1.24584,999.984,28853.5,1055.21,72.9032,-inf,0,0,0,-1.96894,1.44579,1.7175,876.305,27991.4,877.99,-123,4760,4784
Batch_300000530:Shower_6898,5,5,2004,15.389,0.786385,611.907,0.00356445,2.09702,1.46494,0.912074,496.606,29997.4,627.999,96.9645,-inf,0,0,0,0.0949561,2.45345,1.55873,109.088,30109.5,118.013,-123,4784,4805
Batch_300000530:Shower_9102,10,1,2212,16.9375,0.568401,760.622,0.132034,-1.72337,0.945485,2.36381,2935.4,26915,4183.25,29.9116,16.9871,0,792.486,0.133768,-1.73863,0.940744,2.36503,2940.75,26852.1,4195.79,28.3702,4805,4861
Batch_300000530:Shower_9221,10,4,2212,15.5081,0.806672,591.34,0.00616187,-2.69057,1.7532,0.961753,956.752,29987.5,1166.49,89.8038,15.6208,0,629.706,0.00557466,-2.66859,1.73194,0.953291,936.37,30001.7,1149.49,93.6906,4861,4895
Batch_300000722:Shower_570,10,1,26056,16.511,0.964411,584.734,0.0451504,-1.97146,1.43002,1.34227,1313.58,28709,1348.64,54.1305,16.374,0,557.201,0.032263,-1.91542,1.3984,1.25601,1405.35,28907.9,1482.87,55.3517,4895,4947
Batch_300000722:Shower_589,5,4,26056,16.511,0.964369,584.734,0.0451504,2.54344,1.82343,1.48112,359.973,29884.6,361.426,74.4872,-inf,0,0,0,8.60362,1.51305,0.335619,250.089,30826.1,1264.96,-123,4947,5026
Batch_300000722:Shower_2145,10,5,7014,15.569,0.814215,511.324,0.00550705,-1.09896,0.952684,1.61324,793.286,29991.8,794.001,91.9603,15.6205,0,695.969,0.0055854,-1.21847,0.968801,1.57251,713.116,29979.7,716.603,96.2539,5026,5055
Batch_300000722:Shower_6423,10,0,7014,17.0707,0.806182,597.041,0.170292,-2.72178,1.88082,1.00936,648.413,29994.8,765.998,93.8316,16.9414,0,725.039,0.133217,-2.71647,1.87599,1.0126,654.879,29988.7,771.721,93.513,5055,5206
Batch_300000722:Shower_6443,10,1,7014,17.0707,0.806315,597.041,0.170292,-2.24338,1.55115,0.93786,1717.25,28960.8,2129.81,71.2242,17.0923,0,624.894,0.176822,-2.24322,1.55123,0.94597,1705.51,28937.8,2101.9,76.1086,5206,5274
Batch_300000722:Shower_9169,10,1,2004,16.5404,0.864398,704.769,0.0551672,-3.07285,1.96069,1.20673,1488.24,29967.8,1592.62,60.5238,16.5156,0,755.585,0.0443438,-3.08501,1.97056,1.20948,1374.02,30027.5,1468.11,70.9023,5274,5309
Batch_300000722:Shower_9553,5,4,7014,16.532,0.805554,689.205,0.0495547,0.090271,2.12148,1.90282,967.055,29988,1022.92,90.6062,-inf,0,0,0,0.393902,2.1754,1.81382,337.338,30299.1,345.26,-123,5309,5328
Batch_300000722:Shower_9940,10,4,2212,16.5567,0.482377,650.788,0.0541756,0.0103512,0.781648,2.38677,1252.52,29987.2,1828.07,95.4549,16.5249,0,558.019,0.0452586,-0.0383741,0.756063,2.32853,1206.65,30035.7,1677.05,95.5644,5328,5364
Batch_300001867:Shower_958,5,5,7014,15.729,0.628637,625.556,0.00659174,0.576363,2.39077,1.96952,555.034,29997.7,602.279,97.2685,-inf,0,0,0,0.491252,2.33675,1.36257,514.721,30253.7,553.294,-123,5364,5401
Batch_300001867:Shower_5372,10,1,26056,16.2884,0.90208,543.155,0.027703,2.04529,1.85117,1.21879,1017.87,29984.6,1084.36,79.6363,16.5436,0,438.189,0.0486222,2.04276,1.85614,1.24924,1073.08,29919.4,1130.03,80.5959,5401,5430
Batch_300001867:Shower_6131,10,4,2004,16.7829,0.673746,640.193,0.0916242,2.19073,2.27936,1.09145,801.798,29993.5,903.643,96.2433,16.8004,0,625.61,0.0730698,2.2043,2.267,1.07418,833.63,30001.2,953.745,97.8613,5430,5480
Batch_300001867:Shower_9880,10,1,2004,16.1783,0.481117,622.586,0.0233784,-0.0995151,1.36052,2.62674,1329.69,29985.3,2700.38,94.3977,16.1787,0,660.981,0.0198286,-0.115959,1.33495,2.62192,1282.74,29992.2,2585.89,95.7849,5480,5515
Batch_300000792:Shower_3325,10,0,2004,16.9772,0.71471,626.801,0.142663,-1.95008,1.03718,2.16185,1603.51,29968.5,1931.12,63.876,16.9236,0,590.381,0.117464,-1.94091,1.04277,2.11645,1620.79,30121.6,1896.53,68.6351,5515,5568
Batch_300000792:Shower_3826,10,4,2212,15.8983,0.675294,579.537,0.0123664,-2.32354,0.970073,0.958796,1177.28,28985,1438.34,94.2273,16.3637,0,817.659,0.0307139,-2.39077,1.02696,0.954986,1235.08,28896.7,1515.09,94.8115,5568,5592
Batch_300000792:Shower_3842,5,1,2212,15.8983,0.675005,579.537,0.0123664,-0.411413,1.0509,2.25012,1256,28982.6,1614.4,88.0833,-inf,0,0,0,0.365084,1.86822,2.44584,180.574,28962.2,307.166,-123,5592,5621
Batch_300000792:Shower_8203,10,4,2004,15.8091,0.71922,556.08,0.00763276,-1.77042,0.975143,1.05273,1066.76,29986.9,1227.88,91.0556,15.862,0,777.427,0.00959183,-1.82438,1.00667,1.06953,984.189,29934.2,1116.17,91.6431,5621,5661
Batch_300000792:Shower_8219,10,4,2004,15.8091,0.719237,556.08,0.00763276,-2.59102,1.61242,0.803486,739.487,29993.4,1027.38,96.2271,15.8989,0,700.093,0.0105097,-2.59962,1.62152,0.834447,762.795,29940.3,1024.67,96.6755,5661,5698
Batch_300000414:Shower_7837,10,0,26056,16.2384,0.702631,526.579,0.0240611,-1.26553,0.86813,1.97128,1079.67,29986.2,1172.44,90.1856,16.2385,0,556.697,0.0234669,-1.25703,0.870276,1.97938,1096.83,29972.6,1193.55,92.7371,5698,5746
Batch_300001990:Shower_1441,5,4,2212,15.4447,0.677808,528.498,0.00441407,-1.40522,0.854334,1.117,524.877,29997.2,583.983,98.5988,-inf,0,0,0,0.555811,1.2212,2.4751,127.435,29661,112.93,-123,5746,5809
Batch_300001990:Shower_1885,5,7,2004,15.6375,0.602013,588.061,0.00635155,2.21898,2.49502,1.53451,828.116,29993.9,828.662,97.5256,-inf,0,0,0,0.258845,1.14046,2.55577,66.7778,29608,107.675,-123,5809,5827
Batch_300001990:Shower_2957,10,1,7014,16.3187,0.566914,629.963,0.031973,-0.645993,0.732649,2.12945,1888.01,28892,2226.51,83.378,16.3835,0,607.963,0.0325186,-0.837605,0.709494,1.9023,1883.9,29130.3,2029.48,89.1646,5827,5846
Batch_300001990:Shower_3486,10,1,26056,16.1531,0.802165,537.892,0.0206234,-2.9785,1.54604,0.931171,966.625,29988.2,1204.79,91.0624,16.2376,0,626.393,0.0255649,-2.96655,1.53612,0.956635,989.55,29932,1207.74,91.2892,5846,5893
Batch_300001990:Shower_5059,10,0,26056,17.1047,0.767667,633.771,0.17323,-3.10801,2.20956,1.86718,2822.56,26782.7,2951.24,20.6325,17.0896,0,484.155,0.174517,-3.1122,2.20404,1.55219,3132.04,28382.2,3136.75,23.7928,5893,5962
Batch_300001990:Shower_5579,10,1,26056,17.0693,0.625111,571.056,0.170878,1.05154,1.81459,2.44098,2485.32,28933.4,3855.08,46.9308,17.1407,0,719.056,0.19609,1.04417,1.81105,2.47161,2408.13,28856.9,3871.78,53.9646,5962,5994
Batch_300001990:Shower_7022,10,7,2004,15.9015,0.62563,564.057,0.0107747,-1.98794,0.816557,2.1089,1301.49,29982.4,1515.69,88.5642,15.7165,0,750.402,0.00683475,-1.8601,0.85146,2.20934,1041.8,30018.1,1304.61,93.3819,5994,6026
Batch_300001990:Shower_7029,10,1,2004,15.9015,0.625502,564.057,0.0107747,-1.15213,1.54831,2.46523,1281.95,29982.7,2047.98,87.6783,16.7459,0,616.168,0.0769474,-1.17867,1.5088,2.5694,1372.49,29714,2527.49,72.8679,6026,6050
Batch_300001990:Shower_9743,5,5,26056,16.0267,0.800185,529.285,0.0145533,1.63417,1.90092,1.00817,270.25,29999.4,319.499,98.8751,-inf,0,0,0,-0.200131,2.76078,1.68739,185.689,29953.8,171.915,-123,6050,6155
Batch_300001360:Shower_2510,10,1,2004,16.9652,0.647544,571.062,0.139185,2.73751,2.32716,1.09754,2393.09,28937.6,2688.6,72.2098,16.8348,0,531.103,0.0953851,2.7188,2.33914,1.05247,2410.58,29178.3,2783.69,80.8547,6155,6175
Batch_300001360:Shower_2539,10,0,2004,16.9652,0.647216,571.062,0.139185,1.65132,2.3865,1.90517,2499.16,28930.9,2645.69,52.8801,16.9228,0,507.029,0.117342,1.56622,2.38487,1.93736,2496.33,29064.3,2669.02,64.5197,6175,6219
Batch_300001360:Shower_4742,5,5,26056,15.4986,0.792968,460.163,0.00411302,-2.75154,1.09265,1.10422,529.446,29997,592.81,97.3285,-inf,0,0,0,-2.77368,1.11357,2.33437,-35.9398,31235.9,-11.539,-123,6219,6254
Batch_300001360:Shower_6739,10,4,2004,16.3821,0.696355,608.18,0.0342164,1.6819,2.37075,1.60215,731.7,29994.5,732.06,95.0076,16.3903,0,707.032,0.0327399,1.72298,2.3659,1.5876,724.303,29982.7,726.116,96.6408,6254,6302
Batch_300001360:Shower_9740,10,5,7014,15.4908,0.543235,504.409,0.0045651,1.19769,2.45448,2.11283,941.135,28992.5,1098.61,97.3264,15.7302,0,463.715,0.00737622,1.00355,2.39875,2.26764,1141.56,28958.2,1430.8,97.163,6302,6329
Batch_300001579:Shower_1332,10,4,2212,16.0678,0.621486,554.684,0.0189328,-1.89028,0.859198,0.962315,1283.35,29983.1,1564.07,94.7959,15.998,0,735.291,0.0135023,-1.91619,0.875685,0.966477,1152.92,29959.5,1394.13,95.3417,6329,6361
Batch_300001579:Shower_1347,10,4,2212,16.0678,0.621547,554.684,0.0189328,-2.52879,1.42762,0.678745,1035.01,29989.5,1648.58,97.1357,16.1308,0,627.954,0.017912,-2.52044,1.41375,0.685463,1043.9,29975,1647.61,97.7058,6361,6427
Batch_300001579:Shower_1553,10,7,2004,16.1197,0.529502,572.031,0.0206163,0.515729,2.56403,1.81612,1697.5,29973.8,1749.89,92.7491,16.0518,0,589.668,0.0146352,0.315002,2.54561,1.97288,1571.4,30026.7,1694.37,94.7788,6427,6461
Batch_300001579:Shower_2610,10,0,2212,16.7669,0.631338,575.737,0.0904975,-2.80323,0.68671,1.47965,1432.03,29978.2,1438,89.0534,16.7509,0,595.105,0.0783665,-2.79521,0.684845,1.48801,1418.19,29977,1422.93,90.8035,6461,6520
Batch_300001579:Shower_7994,5,0,7014,15.9738,0.834479,523.787,0.0132969,1.07053,2.13801,1.42521,727.925,29992.9,735.708,93.5807,-inf,0,0,0,0.423475,2.48774,1.12478,338.957,29539.5,364.069,-123,6520,6589
Batch_300001761:Shower_5760,10,0,2212,15.9286,0.717302,540.336,0.0118483,2.11386,2.26554,1.93658,1031.18,29987.3,1104.23,89.5674,16.0557,0,549.013,0.0154594,2.05731,2.25746,1.98024,1131.14,29951.3,1224.2,93.4749,6589,6615
Batch_300001761:Shower_6424,10,4,2004,15.4749,0.751255,599.508,0.00429075,-2.72053,1.09527,1.00646,833.424,29992.1,986.363,93.4989,15.6712,0,826.521,0.00622464,-2.79305,1.14861,1.01455,789.814,29934.1,928.933,94.5159,6615,6635
Batch_300000603:Shower_4293,5,4,2212,15.8743,0.56389,638.942,0.0130255,-0.475792,0.611535,1.75917,702.597,29995.9,715.249,98.4012,-inf,0,0,0,0.495449,0.618776,2.02189,277.847,29036.5,297.701,-123,6635,6675
Batch_300000603:Shower_8354,10,7,2004,16.5952,0.547458,680.373,0.0533832,-2.42063,0.580527,1.51131,2747.16,28929.7,2752.03,73.0828,16.7656,0,849.42,0.0791412,-2.37011,0.566473,1.58618,2618.36,28816,2614.25,76.4302,6675,6703
Batch_300001186:Shower_5185,10,1,26056,15.8344,0.799653,495.165,0.00967903,-3.08307,1.44132,0.937855,1153.58,28982.8,1430.73,88.9348,15.8634,0,688.204,0.00973494,-3.09539,1.46137,0.975894,994.09,28935.4,1196.87,90.5388,6703,6726
Batch_300001186:Shower_5351,5,0,7014,16.6127,0.855574,589.172,0.0581156,2.11561,1.81283,1.07846,549.694,29996.4,623.782,93.1575,-inf,0,0,0,1.78355,1.54762,2.97741,374.3,30948.1,1925.03,-123,6726,6875
Batch_300000012:Shower_297,10,1,2212,16.1799,0.93589,618.519,0.0240841,3.08499,1.62443,1.21446,1087.38,29973.2,1160.27,65.9166,16.3051,0,587.814,0.0273475,3.08333,1.6272,1.22333,1090.56,29944,1159.33,69.8271,6875,6918
Batch_300000012:Shower_789,10,4,7014,15.5914,0.716368,602.718,0.00559954,0.732504,1.67663,2.33694,1057.6,28986.8,1467.68,88.5629,15.5949,0,662.986,0.00526237,0.740211,1.68541,2.34682,1017.11,28997.7,1423.73,93.6018,6918,6936
Batch_300000012:Shower_2606,5,1,7014,16.5595,0.710466,645.941,0.0496341,-1.59656,1.28699,2.30809,1223.81,29982.1,1653.15,80.1353,-inf,0,0,0,-1.33095,1.14304,0.819322,463.417,28015.4,701.893,-123,6936,6967
Batch_300000012:Shower_2622,5,0,7014,16.5595,0.710645,645.941,0.0496341,-2.99692,0.794605,1.48042,322.924,29999.4,324.247,97.2466,-inf,0,0,0,0.986933,1.07608,0.593477,-136.826,31130.8,-115.008,-123,6967,7054
Batch_300000012:Shower_5965,10,0,26056,16.6585,0.71859,559.91,0.0649268,-1.41461,0.80185,1.5625,2229.99,29939.3,2230.07,74.9697,16.8402,0,689.643,0.0967122,-1.41628,0.800355,1.58167,2250.92,29853.6,2248.8,45.097,7054,7146
Batch_300000012:Shower_9281,5,4,26056,15.8492,0.792429,490.771,0.0096924,-2.47099,0.939388,1.76207,794.316,29992.3,809.071,92.5011,-inf,0,0,0,-2.42715,0.926981,2.10995,816.808,29361,959.993,-123,7146,7193
Batch_300000138:Shower_2970,10,1,26056,16.4052,0.590371,538.192,0.0351741,-1.66733,0.738819,1.06855,2018.18,28959.2,2302.54,87.3902,16.7625,0,250.866,0.0808988,-1.70816,0.766977,1.00606,2385.73,29006.1,2852.05,90.1836,7193,7217
Batch_300000138:Shower_8816,5,5,2212,15.4896,0.737825,712.454,0.00439511,1.89464,1.69761,0.838748,148.207,30000.6,199.255,99.2172,-inf,0,0,0,-0.38626,3.10459,1.52994,103.625,29974.3,109.507,-123,7217,7267
Batch_300000138:Shower_9178,10,1,7014,16.3837,0.672047,562.916,0.0327934,-0.840087,0.992116,2.20917,1964.83,28955.5,2446.66,64.6838,16.297,0,795.403,0.0264237,-0.790944,1.00414,2.27113,1654.26,28944.5,2163.53,77.2114,7267,7284
Batch_300001970:Shower_2251,5,5,26056,15.7677,0.880169,571.712,0.007592,2.69838,1.62669,1.07906,510.748,29996.1,579.398,94.471,-inf,0,0,0,8.45614,1.2495,2.48137,110.808,31073.1,236.047,-123,7284,7308
Batch_300001970:Shower_2361,10,1,2004,16.0719,0.587844,557.746,0.0166478,-0.554024,0.712052,2.02192,1647.84,29973.2,1831.02,85.6756,16.0996,0,641.286,0.0166879,-0.844598,0.686379,1.80906,1617.11,29938.3,1695.71,90.1773,7308,7331
Batch_300001970:Shower_4748,5,5,7014,15.5136,0.809325,508.371,0.00469108,-2.93382,1.43495,0.95595,84.2959,30000.8,103.195,99.4267,-inf,0,0,0,0.262504,1.93668,2.35743,-21.6841,29329.2,2.60228,-123,7331,7437
Batch_300001970:Shower_5414,9,7,2004,16.6567,0.446518,610.589,0.0690031,1.26963,2.41603,2.40263,1825.02,29974.4,2709.65,93.1408,-inf,0,0,0,1.63563,2.53387,2.0976,2007.73,29956.2,2383.51,89.138,7437,7476
Batch_300001970:Shower_8985,3,6,7014,16.7978,0.52267,573.536,0.098368,2.59064,1.7118,2.58436,3375.98,15465.4,6383.79,62.2555,-inf,0,0,0,-0.54408,-0.032994,0.00329171,-68.9851,267.027,-nan,-123,7476,7485
Batch_300001367:Shower_9383,10,4,7014,16.074,0.670292,597.552,0.0175769,1.87335,1.87,0.777163,1427.26,29977.3,2035.28,92.5088,16.0662,0,696.548,0.0153558,1.86248,1.87945,0.791672,1354.5,29964.5,1900.12,94.0816,7485,7522
Batch_300000038:Shower_406,10,4,2212,16.0201,0.759908,683.418,0.0173789,-1.25632,0.944228,1.92413,1193.44,28982.2,1272.02,76.1929,16.1187,0,708.452,0.0176278,-1.29476,0.940754,1.9124,1250.04,28939.9,1326.48,79.3802,7522,7554
Batch_300000038:Shower_1607,10,0,7014,16.073,0.68774,561.075,0.0154919,1.76518,2.2969,1.97384,1056.63,29987,1148.67,91.4568,16.0304,0,613.877,0.0142704,1.78491,2.30102,1.96756,1036.79,29978.1,1125.78,93.6088,7554,7594
Batch_300000038:Shower_3501,10,0,26056,16.9229,0.96019,622.943,0.119781,-2.52902,1.77957,1.37778,2430.23,28236.8,2476.22,22.4062,16.9628,0,611.053,0.127291,-2.52325,1.77593,1.30892,2464.41,28541.7,2553.41,21.7679,7594,7655
Batch_300000038:Shower_5174,10,7,26056,16.1772,0.52559,501.237,0.0213228,0.327828,1.19039,2.53927,1754.97,29971.7,3097.6,87.2027,16.4387,0,221.911,0.0378942,0.345714,1.21603,2.51025,1931.37,30030,3279.14,90.1425,7655,7682
Batch_300000038:Shower_5198,10,2,26056,16.1772,0.525874,501.237,0.0213228,-0.513249,0.608903,1.9742,1742.58,28972.3,1894.66,95.749,16.2221,0,667.461,0.0227511,-0.850862,0.59384,1.75286,1622.81,28849.9,1683.69,90.6937,7682,7707
Batch_300000038:Shower_5336,10,1,2212,16.3364,0.529854,649.282,0.0367163,-0.0297255,1.45888,2.57857,1955.38,28965,3663.53,73.7303,16.4739,0,535.168,0.0420125,-0.0267108,1.46155,2.56578,2080.32,28971.3,3823.24,83.6641,7707,7741
Batch_300000038:Shower_7735,10,1,7014,17.0826,0.912321,633.887,0.174594,-2.0521,1.53701,1.14979,2448.28,27908.5,2682.52,40.1986,17.2263,0,707.203,0.238815,-2.07248,1.5554,1.23478,2581.01,27420.6,2729.31,25.3466,7741,7785
Batch_300001921:Shower_1270,10,4,2212,15.8528,0.758977,628.282,0.00935694,1.16291,1.83648,2.23612,878.991,29990.3,1117.29,90.8576,16.1067,0,718.168,0.0169009,1.14901,1.82512,2.26312,947.173,29945.1,1223.67,95.2137,7785,7804
Batch_300001921:Shower_4627,10,4,26056,16.2477,0.627028,546.828,0.0225503,-2.78925,1.75694,0.691673,1409.05,29979.4,2209.15,94.7754,16.3075,0,657.204,0.0272524,-2.75331,1.69829,0.702067,1418.19,29934.3,2193.85,95.6417,7804,7834
Batch_300001921:Shower_4650,10,0,26056,16.2477,0.626643,546.828,0.0225503,-0.552877,0.74568,1.96356,1820.77,28964.7,1970.85,77.7145,16.1884,0,608.657,0.0205593,-0.672369,0.735672,1.88553,1768.69,28946.6,1872.62,80.0048,7834,7861
Batch_300001921:Shower_5099,10,0,2004,15.6454,0.796986,534.381,0.00658066,1.96807,2.21724,1.62593,1060.16,28985.6,1061.77,83.75,15.8978,0,723.282,0.0105106,1.99406,2.22363,1.67485,1038.46,28883.1,1039.14,83.5441,7861,7890
Batch_300001921:Shower_5187,5,5,2004,16.1795,0.591452,577.436,0.0231156,1.28334,2.00492,2.43132,284.432,29999.9,436.218,99.2784,-inf,0,0,0,-0.0150011,0.810701,2.50802,131.306,29284.8,256.34,-123,7890,7972
Batch_300001921:Shower_6856,10,4,7014,15.4612,0.790164,488.47,0.00389502,-2.26875,1.70735,0.923173,768.413,29992.7,963.504,94.9334,15.5942,0,580.022,0.00530363,-2.27162,1.71308,0.94567,841.499,29935.9,1034.88,95.675,7972,8006
Batch_300001921:Shower_7902,10,0,26056,16.4072,0.639667,532.574,0.0357874,-2.62793,0.694137,1.56462,1254.48,29983.5,1254.5,91.9787,16.4124,0,620.119,0.0350484,-2.60775,0.691516,1.59303,1249.3,29951,1248.97,93.5403,8006,8058
Batch_300001921:Shower_8574,10,1,2212,15.8586,0.744992,562.285,0.0117304,0.84203,2.12958,2.0683,1158.33,29983.7,1318.11,86.9644,16.1608,0,789.552,0.0191361,0.82683,2.12744,2.1148,1134.56,29940.4,1319.76,87.4678,8058,8092
Batch_300001732:Shower_7827,10,1,2004,15.9401,0.531468,510.427,0.0127687,0.870801,1.61152,2.58025,1406.43,29982,2642.05,92.0654,15.8915,0,962.5,0.0101084,0.924514,1.68786,2.61321,1254.41,29934.8,2480,92.6808,8092,8120
Batch_300001732:Shower_8444,5,4,26056,15.869,0.60258,609.04,0.0100678,-0.00570067,2.21971,2.28369,599.091,29996.7,791.956,97.7296,-inf,0,0,0,-0.235589,2.35603,1.36798,321.815,30077.4,340.392,-123,8120,8183
Batch_300001286:Shower_9291,10,0,2004,16.3134,0.827061,574.709,0.026601,-1.73267,1.05453,1.25647,419.96,29998,441.596,95.4227,16.8269,0,383.132,0.0948982,-1.72199,1.04488,1.28049,447.99,29972.3,466.252,95.6112,8183,8266
Batch_300001923:Shower_1062,5,4,26056,15.8461,0.850847,523.211,0.00983116,2.51771,2.0466,1.277,570.329,29995.5,595.86,93.7204,-inf,0,0,0,7.2095,1.19165,2.19489,46.4721,30507.9,42.3098,-123,8266,8318
Batch_300001923:Shower_7014,10,7,2212,15.4921,0.59419,633.99,0.00519232,1.20836,1.85864,2.47291,1014.7,29989.5,1636.75,92.9464,15.3707,0,652.668,0.00315065,1.23082,1.87504,2.45655,881.104,30023.7,1403.45,97.4461,8318,8342
Batch_300001923:Shower_8136,5,4,7014,15.8267,0.805321,505.99,0.00952499,2.16218,2.10126,1.93697,791.109,29991.8,847.279,91.2509,-inf,0,0,0,0.403391,1.75198,2.19803,68.5747,29101.2,115.758,-123,8342,8361
Batch_300001923:Shower_8340,10,4,2212,16.0534,0.704916,599.059,0.0160226,-1.40657,0.842397,1.23643,688.142,29995,728.486,96.1229,16.0093,0,475.124,0.0125574,-1.41904,0.853753,1.20227,645.333,30031.7,693.939,97.6485,8361,8404
Batch_300001718:Shower_2656,10,1,26056,16.3081,0.749707,518.177,0.0290925,-2.79601,1.47724,0.852405,1188.13,28982.1,1578.14,91.8199,16.629,0,666.221,0.0582268,-2.79623,1.47903,0.865686,1181.67,28953.9,1549.71,96.3963,8404,8449
Batch_300001718:Shower_4554,10,1,26056,16.2309,0.58284,545.368,0.0222983,0.321916,2.44321,2.00598,2119.29,28955,2337.13,76.6179,16.8199,0,213.926,0.0957398,0.388657,2.45147,1.92567,2970.74,28818.9,3173.93,71.3522,8449,8494
Batch_300001718:Shower_6203,5,4,7014,16.539,0.985183,602.927,0.0533155,-3.11351,1.40159,1.6037,220.648,29842.4,220.768,39.7101,-inf,0,0,0,0.318151,2.5781,2.5606,-93.525,29512.8,-31.8861,-123,8494,8570
Batch_300001718:Shower_6265,10,4,2212,16.1454,0.823585,642.388,0.0226258,2.46847,1.66987,0.974682,1300.34,28976.6,1571.36,78.2241,16.3358,0,700.706,0.0292446,2.4388,1.70491,0.988429,1345.84,28931.2,1610.61,80.3315,8570,8627
Batch_300001718:Shower_6337,10,1,7014,16.4877,0.773309,578.266,0.0437581,1.42015,2.24163,1.41085,1030.99,29986.2,1044.32,86.4108,16.4961,0,593.292,0.0425665,1.40842,2.2451,1.41964,1037.99,29985.8,1049.35,90.8778,8627,8699
Batch_300001718:Shower_6629,5,4,2004,15.6275,0.847206,590.824,0.00609638,1.78014,2.11936,1.45156,373.748,29998.9,376.421,97.384,-inf,0,0,0,1.67003,2.61682,2.77996,335.947,29295.3,586.212,-123,8699,8746
Batch_300001718:Shower_9432,10,5,26056,15.8119,0.639948,479.041,0.00904548,-0.0604196,1.28227,2.41041,881.617,28991.6,1320.29,96.0272,16.2704,0,493.741,0.025265,-0.0241557,1.30968,2.45823,926.621,28941.2,1454.19,95.2141,8746,8776
Batch_300000021:Shower_403,10,1,2212,16.0343,0.888446,552.419,0.017574,2.91007,1.37599,1.13254,1231.46,28977.9,1359.99,77.9878,16.5845,0,541.046,0.0532222,2.79578,1.47203,1.22532,1390.71,28630.3,1473.83,63.3639,8776,8795
Batch_300000021:Shower_1713,10,0,26056,16.5163,0.752129,555.431,0.0440727,1.30516,2.24438,1.846,529.502,29996.5,550.207,96.6029,16.6045,0,910.313,0.0872121,1.30043,2.2625,1.93268,551.497,29941.7,577.572,92.1036,8795,8878
Batch_300000021:Shower_3301,10,4,7014,15.8389,0.651585,540.662,0.0103678,1.63075,2.42336,1.71033,1321.7,29980.7,1334.67,90.8364,15.9669,0,820.463,0.0121869,1.62384,2.43475,1.76481,1197.98,29915,1215.24,89.4294,8878,8902
Batch_300000021:Shower_3302,10,5,7014,15.8389,0.651609,540.662,0.0103678,-1.27829,0.71034,1.60731,1056.58,29988.5,1057.28,93.795,15.5798,0,520.854,0.00513748,-1.066,0.694493,1.71683,1123.68,30073,1120.66,93.9034,8902,8925
Batch_300000021:Shower_3897,5,5,26056,15.3204,0.595908,511.644,0.00276994,0.154218,1.38055,2.48923,736.173,28994.5,1212.68,97.8274,-inf,0,0,0,0.400196,1.66237,2.39478,217.743,28234.8,346.388,-123,8925,8947
Batch_300000021:Shower_6381,10,4,7014,15.8347,0.664577,520.374,0.00925567,1.87812,2.17657,0.941357,850.375,29991.9,1051.98,97.2559,15.8908,0,714.236,0.0103453,1.84153,2.21827,0.988999,844.248,29958,1003.16,96.4919,8947,8982
Batch_300000021:Shower_6527,10,0,2212,17.1101,0.935343,712.643,0.19958,-1.75761,1.24941,1.73911,1614.23,27844.7,1637.37,18.6225,17.0825,0,686.579,0.169172,-1.7635,1.28644,1.38881,1790.69,28846.4,1838.74,34.0927,8982,9044
Batch_300000021:Shower_7196,10,1,2212,16.3942,0.76527,652.39,0.0289969,-2.57927,1.93971,0.961909,1821.8,28957.3,2220.93,69.0986,17.1377,0,1083.45,0.190603,-2.57823,1.93856,1.15914,1453.36,28491.9,1571.42,43.0294,9044,9082
Batch_300000021:Shower_8735,10,4,2004,15.8337,0.557827,586.294,0.00899787,0.888964,2.42725,2.12219,1430.37,29980.9,1679.25,91.7799,15.791,0,656.89,0.0081638,0.836661,2.41336,2.16735,1361.67,29988.2,1639.53,94.3439,9082,9111
Batch_300001547:Shower_8043,10,4,2004,15.9566,0.730405,560.615,0.0135219,0.0182845,0.974629,2.05978,994.727,29988.5,1126.78,91.806,16.1227,0,680.417,0.0175282,0.00245177,0.969327,2.06945,1019.49,29956.8,1159.06,93.8091,9111,9136
Batch_300001547:Shower_8553,10,5,2212,15.7543,0.745674,586.382,0.00894526,0.639545,2.25678,1.84086,1025.36,28986.9,1063.92,89.4853,16.154,0,597.913,0.0189687,0.322385,2.19869,2.03461,1175.63,28962.8,1291.49,95.2556,9136,9154
Batch_300000678:Shower_2419,10,4,26056,15.4915,0.689969,472.699,0.00429583,-2.85573,2.07536,0.907766,702.987,29994.7,891.968,97.6504,15.556,0,494.229,0.00489769,-2.82583,2.04878,0.898781,763.92,29977.8,977.982,97.5176,9154,9199
Batch_300000678:Shower_6566,10,4,2212,15.9077,0.752647,554.642,0.0131593,-2.01848,1.08275,1.01983,1316.61,29978.6,1545.28,87.1233,15.959,0,503.367,0.0122034,-1.98219,1.05909,1.01859,1333.04,30013.8,1566.35,93.6901,9199,9217
Batch_300000678:Shower_6581,5,4,2212,15.9077,0.752511,554.642,0.0131593,-0.964191,0.856473,1.65978,608.676,29996.2,611.093,95.8702,-inf,0,0,0,0.246715,0.614549,1.72907,234.567,28929,234.1,-123,9217,9273
Batch_300000678:Shower_9269,10,4,7014,15.846,0.80984,559.948,0.00900669,-1.61347,1.00511,1.28434,823.539,29991,858.523,89.3833,15.8149,0,567.723,0.00877339,-1.59171,0.995988,1.29496,829.576,29989.7,861.131,95.3671,9273,9304
Batch_300001629:Shower_1715,10,1,26056,16.1762,0.709005,560.811,0.0214213,0.277349,2.14311,2.13758,1621.91,28968.4,1922.53,71.2247,16.1842,0,690.565,0.0202229,0.322164,2.15644,2.13606,1476.21,28962.6,1747.88,79.43,9304,9332
Batch_300001629:Shower_2397,10,5,7014,15.6414,0.839676,495.845,0.00642396,2.13557,2.13091,1.43747,792.189,29991.9,799.283,92.7549,15.9704,0,443.749,0.0127503,2.05531,2.15104,1.48038,1001,29949.8,1004.14,95.0973,9332,9365
Batch_300001629:Shower_3145,10,4,26056,15.5475,0.794769,486.812,0.00435059,-0.650086,0.938796,1.74374,729.23,29993.7,740.273,93.9094,15.5125,0,633.984,0.00435297,-0.590935,0.932283,1.79269,686.632,29988.6,699.582,96.5789,9365,9393
Batch_300001629:Shower_4080,5,5,2004,15.7943,0.715814,564.745,0.00931241,0.682803,2.00821,2.23031,334.582,29998.9,423.365,98.5178,-inf,0,0,0,0.150474,1.72126,2.20576,260.531,29330.6,333.467,-123,9393,9442
Batch_300001629:Shower_6286,10,1,2212,16.0527,0.606504,804.737,0.0169897,0.262573,2.38232,2.06311,1016.44,29989.6,1153.42,92.2183,16.2235,0,865.199,0.0224771,0.24139,2.37717,2.1084,1033.38,29952.2,1199.27,90.1869,9442,9490
Batch_300001629:Shower_8477,10,1,26056,16.7621,0.686839,551.094,0.0813857,-2.75571,1.86937,0.801629,1147.68,29985,1597.35,94.2241,16.7433,0,599.122,0.0756942,-2.76036,1.87834,0.809685,1134.73,29972,1565.82,95.6756,9490,9574
Batch_300001263:Shower_774,10,1,7014,16.3668,0.881183,542.002,0.0330388,2.35466,1.49532,1.08348,1417.66,29970.9,1604.42,71.0828,16.2846,0,604.533,0.0258035,2.36428,1.48836,1.09033,1315.08,29991.1,1483.38,82.5658,9574,9607
Batch_300001263:Shower_3477,5,4,26056,16.431,0.711117,556.679,0.0388232,1.73192,2.0836,2.18679,561.729,29996.9,688.223,96.6051,-inf,0,0,0,1.6744,1.22012,0.3771,178.915,30801.4,925.311,-123,9607,9666
Batch_300001263:Shower_5221,10,7,7014,15.7828,0.560319,623.936,0.0076737,1.0548,2.1556,2.40417,1543.09,29977.3,2294.95,87.0491,15.6889,0,682.095,0.00645962,1.29,2.28384,2.26337,1425.35,29979.6,1887.27,94.2328,9666,9704
Batch_300001263:Shower_6046,5,4,2212,15.6085,0.731263,667.878,0.00747857,-1.54117,0.842835,1.77308,545.4,29996.8,556.751,95.9453,-inf,0,0,0,-0.172175,0.578279,1.83354,97.805,28717.5,109.638,-123,9704,9735
Batch_300001263:Shower_7178,10,4,7014,15.67,0.662559,488.74,0.00691097,-0.0221311,1.63665,2.41513,1062.51,29987.1,1599.61,92.8885,15.8758,0,366.753,0.0102919,0.0142542,1.67336,2.4059,1195.47,29984.1,1783.35,94.9618,9735,9784
Batch_300001263:Shower_9797,10,1,2212,16.9185,0.674122,769.13,0.132863,2.93433,1.77244,2.38213,2533.08,21442.5,3678.97,21.2146,16.9809,0,313.049,0.138303,2.95606,1.7243,1.39426,4155.72,26156.5,4198.49,14.5635,9784,9829
Batch_300000586:Shower_1459,5,4,2212,16.2316,0.539669,581.928,0.0247799,-2.10002,0.572724,1.66055,729.58,29995.6,732.528,98.6948,-inf,0,0,0,-1.01636,0.374792,1.63566,17.766,28264.7,20.6974,-123,9829,9855
Batch_300000586:Shower_9661,10,1,26056,16.6416,0.70714,593.325,0.0631973,2.85984,1.24459,0.84261,1088.77,28985.9,1458.73,93.638,16.7049,0,692.741,0.0693448,2.8627,1.2396,0.855568,1095.82,28957.1,1450.51,95.3766,9855,9902
Batch_300001541:Shower_4063,10,1,26056,16.055,0.601698,586.968,0.0147383,-1.36489,0.693946,1.22466,1851.76,28965,1968.51,87.2151,16.0929,0,627.413,0.0164321,-1.32115,0.677318,1.26681,1818.66,28943.8,1898.45,89.3266,9902,9929
Batch_300001541:Shower_4096,10,4,26056,16.055,0.601391,586.968,0.0147383,0.736416,1.69196,2.49046,975.945,29990.2,1610.24,94.069,16.0339,0,676.913,0.0142939,0.725379,1.67976,2.5016,937.037,29985.2,1566.91,96.2717,9929,9960
Batch_300001541:Shower_4408,10,1,7014,16.596,0.881504,684.854,0.0616278,-1.58146,1.1429,1.32036,1468,28967.9,1515.27,54.3668,16.7585,0,765.055,0.0792734,-1.58395,1.14163,1.34858,1458.74,28896.5,1492.99,60.5643,9960,10000
Batch_300001541:Shower_6233,10,1,7014,16.7192,0.68848,617.787,0.0754627,-2.15039,0.777387,1.3781,2641.72,28918.4,2691.54,50.8079,16.7872,0,706.785,0.0852248,-2.15971,0.778793,1.41352,2602.77,28726.9,2631.53,49.8767,10000,10038
Batch_300001541:Shower_9764,10,1,2004,16.3232,0.514817,636.236,0.0323568,0.634834,1.63499,2.59883,2121.06,28959.6,4106.59,70.3019,16.473,0,259.596,0.041422,0.730196,1.73625,2.52182,2274.76,29124.4,3935.69,84.1319,10038,10056
Batch_300001541:Shower_9853,5,4,2004,15.9865,0.655243,614.589,0.0137231,3.01021,0.778433,1.20298,1403.67,28978.6,1504.29,87.9416,-inf,0,0,0,7.05317,2.20182,1.46101,35.0114,30832.9,44.0341,-123,10056,10086
Batch_300001541:Shower_9854,10,4,2004,15.9865,0.655252,614.589,0.0137231,2.91388,0.807606,1.13535,1291.97,29982.1,1424.94,90.3657,15.7671,0,577.155,0.00779007,2.87604,0.821582,1.07184,1150.11,30097,1312.82,95.6736,10086,10128
Batch_300000894:Shower_3625,5,5,2212,15.6948,0.561132,627.462,0.00732512,2.11062,2.42893,1.03163,1073.22,29989.9,1250.65,97.0884,-inf,0,0,0,0.244954,2.56331,2.36886,165.591,29127.6,129.302,-123,10128,10157
Batch_300000894:Shower_7281,10,4,26056,15.8087,0.776345,486.957,0.00814948,-1.72321,0.888974,1.58263,884.73,29990.5,884.792,91.9992,15.672,0,587.928,0.00632542,-1.81591,0.904819,1.5362,800.711,29990.9,805.023,96.0535,10157,10189
Batch_300000833:Shower_7421,10,1,2212,16.9282,0.634901,676.802,0.147162,-2.03476,1.05645,2.32374,2192.77,29322.3,3005.11,39.8762,16.9721,0,619.831,0.131345,-2.04626,1.0548,2.28538,2135.58,29494.4,2828.19,46.0459,10189,10214
Batch_300000833:Shower_7448,10,1,2212,16.9282,0.635213,676.802,0.147162,-3.04814,0.689703,1.62791,1365.55,29598,1367.78,76.5781,16.4621,0,648.663,0.0391894,-3.05904,0.686299,1.45995,1651.86,29964.1,1657.06,75.6175,10214,10269
Batch_300000833:Shower_8716,10,4,2212,16.1023,0.670203,547.088,0.0190301,2.6039,1.30431,0.767938,673.58,29995,969.664,97.9637,16.1919,0,631.729,0.0207091,2.62553,1.28743,0.797863,653.596,29965.3,912.884,97.9726,10269,10319
Batch_300000833:Shower_8735,10,4,2212,16.1023,0.670005,547.088,0.0190301,-0.658345,1.71165,2.39814,516.865,29997.3,763.648,97.6912,16.3545,0,483.332,0.0310012,-0.619168,1.75618,2.40204,639.836,29983.6,950.127,97.3251,10319,10395
Batch_300000833:Shower_8952,10,4,7014,15.7277,0.654233,540.602,0.00739688,-1.6728,0.903442,0.984297,743.249,29994.1,892.381,97.4079,15.9257,0,693.4,0.0111709,-1.67131,0.891289,1.03244,748.733,29934.5,863.42,96.3431,10395,10450
Batch_300000833:Shower_8973,10,7,7014,15.7277,0.654369,540.602,0.00739688,-2.17484,1.29443,0.747764,1259.03,29983,1851.51,94.0208,15.6031,0,687.311,0.00534112,-2.08499,1.16883,0.77198,1056.94,30016.9,1506.6,96.5465,10450,10489
Batch_300001771:Shower_343,3,4,2212,15.3825,0.881819,557.932,0.00366853,2.63843,1.27147,1.1753,856.34,28989.2,927.974,85.5777,-inf,0,0,0,5.6375,0.0459196,-0.0388314,-125.1,-8.41003,-nan,-123,10489,10509
Batch_300001771:Shower_2224,10,0,2212,16.5987,0.806664,633.733,0.0648861,2.85499,2.17328,1.7755,1335.48,28581.2,1363.95,55.557,16.429,0,615.299,0.0363282,2.7882,2.17303,1.70963,1386.94,28855.2,1402.67,70.3294,10509,10553
Batch_300001771:Shower_4309,10,4,2212,16.1101,0.517901,580.645,0.0202885,-2.46179,0.560575,1.79785,1572.13,28977.9,1613.54,93.3146,16.2044,0,693.539,0.0211687,-2.37304,0.564475,1.88416,1587.93,28937,1668.12,95.3026,10553,10583
Batch_300000095:Shower_3919,10,5,2212,15.5542,0.716885,629.409,0.00579442,-2.79299,1.33003,0.830209,944.26,29989.4,1279.36,94.0718,15.5408,0,693.806,0.00456034,-2.86317,1.41003,0.811284,895.957,30006.9,1238.61,96.2486,10583,10615
Batch_300001075:Shower_1287,10,0,7014,17.0129,0.816737,631.564,0.150925,-2.01816,1.00552,1.31351,2772.86,28526.5,2867.23,29.0648,16.9791,0,569.82,0.134442,-2.01973,1.00997,1.2211,2813.57,28954.1,3005.63,42.1744,10615,10687
Batch_300000781:Shower_1531,10,1,2212,16.5794,0.970078,605.772,0.05884,2.92759,1.64213,1.33573,1468.86,28678.5,1510.4,44.2665,16.6595,0,641.711,0.0631173,2.92093,1.65444,1.38478,1383.25,28592.4,1405.65,35.1818,10687,10718
Batch_300000781:Shower_6972,10,1,2004,16.5483,0.467443,605.766,0.0537982,0.636461,1.1812,2.61082,2776.97,27935.9,5485.91,64.7576,16.4548,0,663.459,0.0385083,0.709108,1.26527,2.64249,2613.99,27943.8,5451.7,78.2463,10718,10747
Batch_300000781:Shower_6989,10,1,2004,16.5483,0.467426,605.766,0.0537982,0.896076,1.64661,2.65274,2574.91,28944.9,5483,67.4135,16.6498,0,448.997,0.0614099,0.925921,1.68183,2.62599,2621.5,29039.4,5324.77,78.0212,10747,10776
Batch_300000793:Shower_1818,10,4,2212,15.7494,0.539239,596.558,0.00862066,1.26489,2.24176,2.38179,985.803,29991.2,1431.24,96.3208,15.7326,0,830.21,0.00712666,1.36296,2.29584,2.33715,939.706,29959.5,1319.94,96.8932,10776,10812
Batch_300000793:Shower_6082,10,4,2004,16.1057,0.624369,612.498,0.0185533,-2.02394,1.0572,0.799017,1356.92,29981.4,1893.37,93.6581,16.3746,0,797.507,0.031622,-1.9468,0.971705,0.856441,1417.67,29916.9,1865.85,94.8882,10812,10841
Batch_300000793:Shower_7278,5,4,7014,16.6138,0.794325,590.918,0.060293,0.575014,1.88378,2.15346,839.124,29990.9,1004.94,91.7718,-inf,0,0,0,0.396031,1.90951,1.52584,370.621,29086.7,405.225,-123,10841,10876
Batch_300000793:Shower_7898,10,4,7014,15.6201,0.597112,555.749,0.00638297,0.515093,1.09616,2.40523,1108.66,28988.1,1650.79,95.2327,15.8721,0,769.232,0.0100673,0.550365,1.12902,2.45387,1234.99,28912.2,1938.42,92.2105,10876,10919
Batch_300000680:Shower_3318,5,4,7014,16.2244,0.626152,564.952,0.0244743,-2.59282,1.39349,0.689171,1419.88,29979.2,2232.88,94.9205,-inf,0,0,0,0.29331,1.53037,2.18357,-10.5219,30298.7,-56.6844,-123,10919,10944
Batch_300000680:Shower_5435,10,4,2004,15.9228,0.69817,612.204,0.0130847,-2.0276,1.25522,0.82472,772.057,29993.8,1051.34,96.3575,16.0195,0,719.674,0.0142471,-2.0127,1.23238,0.846336,765.405,29964.1,1018.03,96.4665,10944,10991
Batch_300001910:Shower_9214,5,4,26056,15.9664,0.810264,535.725,0.0121354,-1.52932,0.99019,1.81993,778.092,29992.1,802.881,91.2665,-inf,0,0,0,-1.56422,0.96486,1.95559,780.732,29745.5,831.277,-123,10991,11016
Batch_300001910:Shower_9235,5,4,26056,15.9664,0.810333,535.725,0.0121354,2.54356,1.71711,0.959782,345.469,29998.4,421.784,97.9893,-inf,0,0,0,8.62529,1.6051,0.260128,349.399,30593.2,1695.72,-123,11016,11112
Batch_300001099:Shower_7011,10,7,26056,16.6304,0.437037,530.42,0.0597203,-0.159837,2.1072,2.60715,2622.94,28873.5,5149.47,81.0983,16.6704,0,492.807,0.0646866,-0.0531063,2.21533,2.55181,2650.43,28849.1,4771.65,83.0742,11112,11134
Batch_300001099:Shower_9608,10,1,2212,16.5733,0.638925,709.536,0.0609305,1.29217,2.39616,1.22805,2375.53,28939,2522.24,67.8305,16.6951,0,747.389,0.0678763,1.28607,2.40214,1.24518,2436.72,28868,2571.43,70.3669,11134,11195
Batch_300000844:Shower_544,10,1,2004,16.7855,0.483441,631.904,0.0918877,-1.67532,0.87654,2.46049,1984.78,29928.8,3152.2,85.4148,16.7964,0,564.082,0.0868003,-1.65206,0.89238,2.46665,1984.24,29964.2,3174.56,85.0243,11195,11267
Batch_300000844:Shower_743,10,1,7014,16.0162,0.885746,570.597,0.0146897,2.72615,1.23243,1.21951,1157.22,29980.4,1232.49,72.6669,16.1306,0,625.119,0.0180552,2.74953,1.22137,1.25531,1163.13,29918.7,1223.49,83.0999,11267,11290
Batch_300000844:Shower_6387,10,4,2004,16.2626,0.579958,697.117,0.0276436,0.995072,2.16953,2.36269,1793.77,28968.3,2553.42,69.5223,16.8539,0,720.15,0.098029,0.968598,2.16394,2.47583,1578.4,28810.1,2529.54,61.4199,11290,11306
Batch_300000844:Shower_7470,10,4,26056,16.2094,0.611139,501.163,0.0222547,0.644836,2.14381,2.32681,1175.28,29985.8,1615.33,92.7632,16.1785,0,614.76,0.0203528,0.594284,2.11214,2.36909,1172.65,29964.3,1670.8,94.5311,11306,11333
Batch_300000844:Shower_8410,5,5,2004,15.4706,0.67111,596.39,0.00441993,0.0765908,1.14942,2.31508,544.258,29996.7,739.912,97.1913,-inf,0,0,0,0.295581,1.74426,2.92042,198.786,29637.9,523.356,-123,11333,11374
Batch_300001252:Shower_140,10,1,2212,16.083,0.702148,592.259,0.0209171,-2.78862,1.69509,0.785882,1227.29,29982.5,1734.82,93.1189,16.5321,0,776.167,0.0460092,-2.8053,1.72011,0.813031,1263.01,29911.9,1734.23,95.0937,11374,11404
Batch_300001252:Shower_539,10,0,26056,17.165,0.674444,619.831,0.21607,-1.8982,0.749482,1.71143,2283.94,29940,2306.72,54.9704,17.162,0,622.938,0.206169,-1.91231,0.751104,1.69689,2280.99,29953.5,2300.51,56.4351,11404,11483
Batch_300001252:Shower_730,5,5,26056,15.5786,0.81673,510.801,0.00481335,1.58507,2.18574,1.58246,445.323,29997.4,445.353,97.3689,-inf,0,0,0,0.488088,2.59893,1.42484,268.752,29064.7,276.317,-123,11483,11516
Batch_300001252:Shower_5748,10,1,2212,16.7623,0.450069,643.185,0.0884245,-1.47472,0.956051,2.55718,2291.37,28958.6,4153.24,90.1053,16.8227,0,820.639,0.0902593,-1.46608,0.962746,2.58371,2240.68,28893.3,4228.64,82.2423,11516,11569
Batch_300001252:Shower_8932,5,4,2212,16.1221,0.767175,715.354,0.0244192,-1.30085,1.2912,2.21715,725.046,29993.7,908.253,91.3132,-inf,0,0,0,-1.15661,2.27686,0.0927791,157.681,31135.7,6753.51,-123,11569,11589
Batch_300001252:Shower_9395,10,1,2212,16.7429,0.888374,883.386,0.0711204,-2.92238,1.09386,1.56378,1777.55,27888.4,1777.59,31.7659,16.6466,0,796.148,0.0604551,-2.8827,1.07698,1.48722,1728.83,28273.1,1734.71,49.5246,11589,11641
Batch_300001354:Shower_94,10,4,26056,16.0112,0.531562,533.615,0.0134281,1.54466,2.25603,2.38432,1528.7,28979,2225.36,90.6456,15.9521,0,731.984,0.0117943,1.56081,2.26421,2.38981,1396.39,28964.7,2052.49,93.9301,11641,11680
Batch_300001354:Shower_2532,10,0,26056,16.856,0.830725,596.406,0.0984576,-0.999859,0.985911,1.48516,1657.07,28961.3,1663.17,69.7156,17.2942,0,809.972,0.283772,-0.960113,0.968657,1.574,1682.55,28770.8,1674.43,68.5268,11680,11706
Batch_300001354:Shower_2907,5,4,2004,15.8615,0.548495,548.389,0.0100904,2.19425,2.54274,1.80284,821.633,29994.2,844.259,98.0605,-inf,0,0,0,0.199036,1.13233,2.64909,28.9963,29128.4,118.461,-123,11706,11735
Batch_300001354:Shower_3664,10,4,2212,15.6559,0.696515,650.209,0.00652704,1.2712,2.32851,1.28288,879.341,29991.7,917.092,94.0543,15.9588,0,548.854,0.0121797,1.20809,2.34946,1.32735,1111.81,29938.4,1150.65,95.0923,11735,11763
Batch_300001354:Shower_3673,10,4,2212,15.6559,0.696399,650.209,0.00652704,-1.21818,1.10358,2.24674,592.855,29996.5,759.956,96.7902,15.8063,0,643.19,0.008541,-1.16995,1.12071,2.28165,624.015,29977.4,815.549,97.7106,11763,11804
Batch_300001354:Shower_8298,10,7,2212,15.4558,0.609972,619.87,0.00476112,-3.13181,2.25295,0.903912,879.675,29992,1119.53,97.3091,15.3203,0,602.958,0.00274264,-2.99051,2.12212,0.80898,723.325,30035.3,1014.59,98.2408,11804,11830
Batch_300001354:Shower_9466,10,0,2004,16.1677,0.791271,598.679,0.0225003,0.311071,2.1852,1.82266,1063.8,29985.1,1098.46,88.7462,16.5276,0,607.392,0.0461093,0.296902,2.18386,1.8627,1264.55,29895.7,1318.87,85.8904,11830,11856
Batch_300000383:Shower_1501,5,4,7014,15.8821,0.804585,550.115,0.0108311,0.655555,2.12423,1.90145,584.51,29996.1,617.987,94.2813,-inf,0,0,0,0.379264,2.20274,1.03521,399.379,29385.8,469.48,-123,11856,11890
Batch_300000383:Shower_2656,10,1,7014,16.4273,0.726996,591.495,0.0385069,1.20964,2.29135,1.31492,1328.19,29979,1372.89,85.4197,16.4461,0,676.8,0.0395485,1.22127,2.28924,1.32849,1282.27,29953.9,1319.06,87.6294,11890,11928
Batch_300000383:Shower_7317,10,0,2004,15.9333,0.808485,533.944,0.0135367,2.79599,2.19671,1.50162,1598.28,28965.3,1602.11,69.309,16.0493,0,285.972,0.0150889,2.62474,2.23044,1.53384,1819.57,29131,1818.91,84.9266,11928,11988
Batch_300000383:Shower_8743,5,5,7014,15.7913,0.785913,497.989,0.00809027,-1.9366,1.03927,1.14745,67.9405,30000.9,74.5192,99.3246,-inf,0,0,0,0.968508,0.995641,2.59143,5.38924,29293.4,19.25,-123,11988,12118
Batch_300000471:Shower_650,10,1,7014,16.1789,0.469051,595.947,0.0208192,0.0211188,1.35662,2.64029,1599.75,28979.3,3328.88,92.337,16.1454,0,648.276,0.0183703,-0.0016403,1.32478,2.63269,1568.02,28980.4,3221.5,94.8565,12118,12141
Batch_300000471:Shower_6842,10,4,2004,15.5757,0.823268,578.894,0.00543234,-1.93917,1.37696,0.9953,746.082,29992.6,889.334,92.7457,15.9071,0,599.724,0.0108212,-1.8958,1.33481,1.04458,767.222,29917.2,882.521,92.1927,12141,12163
Batch_300000471:Shower_9832,10,0,2004,16.037,0.81647,587.943,0.0165707,-1.09536,0.955306,1.57229,1417.71,28972.2,1417.71,72.5236,16.1631,0,644.949,0.0192206,-1.03884,0.939845,1.60571,1437.93,28962.5,1435.48,75.7568,12163,12207
Batch_300000672:Shower_6169,10,1,7014,16.6182,0.84865,564.787,0.0607305,2.09991,1.67579,1.02213,1476.85,29969.1,1730.91,74.1879,16.622,0,597.657,0.0581534,2.11562,1.66231,1.02207,1436.38,29978.1,1683.34,83.5383,12207,12300
Batch_300000672:Shower_8096,5,4,26056,15.569,0.62518,462.919,0.00507956,-2.76632,2.19829,0.882183,1441.65,28977.9,1867.11,94.3595,-inf,0,0,0,-2.84713,2.31689,0.0490351,54.9411,26750.9,3730.08,-123,12300,12324
Batch_300000672:Shower_8503,10,1,2212,16.6806,0.518608,616.504,0.070678,-0.0298767,0.984149,2.46861,2161.54,29958.4,3467.79,75.0467,16.6542,0,654.935,0.0605696,-0.0354486,0.979347,2.46923,2126.94,29958.9,3415.55,82.081,12324,12378
Batch_300000672:Shower_8534,5,0,2212,16.6806,0.519002,616.504,0.070678,1.80022,2.59034,1.70421,1482.2,28980.7,1495.49,94.1152,-inf,0,0,0,1.90059,2.62479,2.26862,1335.95,27492.3,1626.75,-123,12378,12412
Batch_300000672:Shower_9370,5,4,7014,15.7245,0.736153,538.833,0.00733348,1.32308,2.20409,1.1512,347.321,29998.7,380.312,98.5469,-inf,0,0,0,0.584366,3.05935,0.584749,287.318,29800.1,620.613,-123,12412,12465
Batch_300001475:Shower_3054,10,1,2212,16.8266,0.782821,671.133,0.0980757,0.631744,2.15694,1.91938,2276.44,27930.7,2422.12,37.8545,16.77,0,495.958,0.081962,0.787026,2.14096,1.71505,2309.94,28313.8,2347.91,54.9209,12465,12497
Batch_300001475:Shower_5938,3,7,26056,15.7839,0.901398,483.842,0.00789455,2.18202,1.80499,1.18537,1006.72,28985.3,1086.42,82.6886,-inf,0,0,0,-0.668788,0.0604021,0.0295652,-38.0381,-154.573,-nan,-123,12497,12520
Batch_300000612:Shower_302,10,4,2004,16.1146,0.911817,701.362,0.0165973,-2.58206,1.46974,1.15902,1320.44,28934.5,1440.88,59.0223,16.6156,0,535.332,0.057094,-2.60995,1.4937,1.18099,1952.71,28641,2109.99,65.4788,12520,12558
Batch_300000612:Shower_653,10,4,26056,15.8196,0.513521,493.211,0.00882107,0.379537,2.5308,2.03162,1288.15,29985.6,1438.17,96.1834,16.0105,0,466.329,0.0137898,0.293475,2.50924,2.10767,1498.98,29945.3,1735.4,96.2211,12558,12578
Batch_300000612:Shower_7218,10,6,2212,15.5257,0.828008,517.966,0.00539394,-1.93366,1.04433,1.27879,849.92,29990.4,887.49,93.8197,15.8979,0,550.784,0.0106407,-1.83384,1.00558,1.34554,1006.9,29941,1029,95.7275,12578,12607
Batch_300000612:Shower_8132,10,4,26056,15.6403,0.62724,490.643,0.00568578,2.4223,2.46256,1.61961,846.152,29993,847.162,96.975,15.4804,0,638.575,0.00405539,2.34244,2.47173,1.68564,751.895,29998.1,749.907,98.4368,12607,12646
Batch_300000612:Shower_9866,10,4,7014,16.2828,0.589306,574.897,0.0262256,0.0534981,1.07448,2.40678,1128.04,29987.5,1682.51,92.7667,16.2722,0,725.488,0.0247352,0.0686614,1.08386,2.43392,1090.63,29968.4,1671.96,93.9291,12646,12685
Batch_300000612:Shower_9872,10,1,7014,16.2828,0.589588,574.897,0.0262256,-1.52505,0.673081,1.23978,1589.87,29974.7,1681.14,90.9553,16.3313,0,541.132,0.0289536,-1.54282,0.678795,1.22257,1615.89,29982.5,1722.91,93.6795,12685,12726
Batch_300001667:Shower_461,10,4,26056,15.7363,0.699343,464.264,0.00711674,-2.53741,1.0429,0.943248,900.408,29991.1,1112.34,95.9543,15.804,0,509.648,0.00850071,-2.55271,1.05469,0.945488,1000.14,29954.9,1234.71,96.1225,12726,12760
Batch_300001667:Shower_3649,10,0,26056,15.9748,0.742263,482.107,0.0133526,1.61511,2.28309,1.76712,1111.22,28984.9,1132.98,92.6727,16.3591,0,691.23,0.0307165,1.80358,2.26855,1.68072,1259.51,28870.2,1276.31,88.8923,12760,12796
Batch_300001667:Shower_8532,10,1,7014,16.4665,0.513646,591.08,0.0420129,-0.968552,1.42794,2.59531,1951.3,29965.8,3756.03,78.7347,16.4547,0,707.138,0.038827,-0.968851,1.42264,2.60715,1861.62,29954.7,3654.93,84.6056,12796,12855
Batch_300000958:Shower_199,10,1,2004,16.0297,0.761582,559.003,0.0146223,0.575405,2.24184,1.80577,1226.98,28980.9,1261.65,84.0029,16.3167,0,787.338,0.0277125,0.386826,2.21926,1.96223,1231.69,28910.8,1319.34,87.7021,12855,12904
Batch_300000958:Shower_2914,5,4,7014,15.8597,0.766487,537.872,0.0107464,-1.76136,0.919645,1.3003,1128.37,29984.2,1170.95,86.9777,-inf,0,0,0,0.230152,0.747495,2.30248,52.5899,28905.4,55.3469,-123,12904,12930
Batch_300000958:Shower_7480,10,1,26056,16.4732,0.439183,526.3,0.0422548,1.08435,2.25736,2.53694,1758.96,28976.4,3094.18,94.24,16.3672,0,513.309,0.0314971,1.27278,2.37934,2.40162,1890.64,28950.5,2841.58,91.0321,12930,12968
Batch_300000958:Shower_7819,10,1,7014,16.8633,0.510323,580.301,0.112017,-0.108322,1.6167,2.60465,2211.79,29956.9,4324.01,71.9261,16.8292,0,573.7,0.0940829,-0.099637,1.62731,2.59727,2143.2,30006.6,4140.47,79.3839,12968,13027
Batch_300000958:Shower_7845,5,2,7014,16.8633,0.510778,580.301,0.112017,-1.34693,0.565782,1.87802,2560.61,28942.1,2686.4,80.9808,-inf,0,0,0,-0.716513,0.463349,1.73353,165.449,26460.3,206.648,-123,13027,13045
Batch_300000958:Shower_8020,10,4,7014,15.4898,0.757593,543.862,0.004371,-2.11216,1.34355,0.890743,553.682,29996.6,712.095,97.1168,15.7034,0,489.058,0.00681613,-2.09923,1.33502,0.894858,659.498,29981.7,847.222,97.5557,13045,13077
Batch_300000958:Shower_8541,10,4,2212,16.0054,0.854657,711.659,0.0168036,2.74598,1.07824,1.325,755.962,29907.5,779.387,78.7374,15.8386,0,592.288,0.00925516,2.68887,1.09284,1.21839,776.013,30043.2,824.226,89.0279,13077,13129
Batch_300000958:Shower_8819,5,4,7014,15.8867,0.606997,520.192,0.0109921,1.63778,2.20618,0.854306,758.094,29995,1005.28,98.3306,-inf,0,0,0,0.414716,2.95693,1.40877,268.291,29607.8,219.953,-123,13129,13166
Batch_300001926:Shower_2227,10,1,2004,16.245,0.596876,552.17,0.0290589,2.73134,2.50153,1.53771,2051.13,28957.7,2052.25,82.4868,16.2186,0,565.518,0.0221016,2.77042,2.49581,1.49508,1922.88,29030.7,1932.44,87.8905,13166,13204
Batch_300001926:Shower_7283,5,4,2004,15.5614,0.734553,598.394,0.00556129,2.16436,1.46344,0.831217,590.055,29995.7,798.719,97.2733,-inf,0,0,0,0.29349,2.21384,1.48713,101.161,30444,106.906,-123,13204,13249
Batch_300000609:Shower_1151,10,4,2212,15.4522,0.664549,738.524,0.0041908,-2.9203,1.53749,0.727276,686.537,29995.4,1032.64,96.9363,15.3659,0,629.537,0.00312761,-2.94233,1.56791,0.70448,612.931,30038.6,951.08,98.484,13249,13283
Batch_300000609:Shower_1581,5,7,2004,15.5417,0.859043,539.738,0.00577431,2.26411,1.85285,1.10688,1114.54,28982.1,1246.26,81.8183,-inf,0,0,0,1.66861,2.16764,2.19253,124100,576692,149430,-123,13283,13354
Batch_300000609:Shower_1639,10,1,7014,16.1578,0.759502,540.684,0.020041,2.86355,1.83964,0.906906,1788.84,28959.2,2271.25,81.7484,15.9297,0,566.188,0.011405,2.97036,1.72055,0.884799,1523.47,29047.8,1969.29,88.5874,13354,13410
Batch_300000609:Shower_3718,5,5,26056,16.0473,0.593771,579.208,0.0153299,2.24576,2.48865,1.78345,474.5,29997.7,485.435,98.718,-inf,0,0,0,0.107211,1.36595,2.72207,20.9619,29052.1,98.4482,-123,13410,13456
Batch_300000609:Shower_3733,10,4,26056,16.0473,0.59372,579.208,0.0153299,1.65291,2.29568,2.22539,559.803,29997.5,705.67,98.1202,16.3201,0,343.598,0.0291159,1.60948,2.28024,2.24971,626.453,29999.4,790.481,98.7705,13456,13506
Batch_300000609:Shower_7298,5,4,7014,15.3109,0.598969,521.835,0.00295939,-0.0115254,1.27863,2.46576,76.1091,30000.9,121.669,99.8166,-inf,0,0,0,2.51562,2.21412,4.00772,119.985,29146.9,221.08,-123,13506,13556
Batch_300000609:Shower_7739,5,0,7014,16.5157,0.545566,675.933,0.0495424,2.66579,2.53477,1.27543,1386.42,29982.7,1449.17,94.319,-inf,0,0,0,2.58234,2.69647,3.19876,445.655,27338.5,42182.4,-123,13556,13584
Batch_300000609:Shower_7750,5,7,7014,16.5157,0.545632,675.933,0.0495424,2.73287,2.52185,1.22057,2315.29,29949.8,2464.92,84.9891,-inf,0,0,0,6.88646,2.26572,2.54584,15.987,28640.5,39.0761,-123,13584,13599
Batch_300000609:Shower_8814,5,4,2212,15.4838,0.823207,619.9,0.00495288,1.88315,1.79986,1.00702,590.81,29996,698.98,94.1246,-inf,0,0,0,1.75414,1.64609,0.398468,500.534,30489,1393.09,-123,13599,13640
Batch_300000803:Shower_3070,5,1,7014,16.373,0.903574,606.997,0.0319702,3.10512,1.97196,1.37793,1513.78,29965.6,1542.38,55.8807,-inf,0,0,0,3.11874,1.96143,1.23743,1375.53,30401.3,1465.17,-123,13640,13689
Batch_300000803:Shower_3945,10,1,26056,16.5768,0.597293,550.252,0.0526655,1.1284,2.34634,2.15011,1868.99,28963.9,2233.4,78.2346,16.4776,0,590.657,0.0412445,1.19673,2.36532,2.0975,1764.45,29000.2,2053.69,86.708,13689,13720
Batch_300000803:Shower_8881,10,1,26056,16.7008,0.870167,561.597,0.0741943,-2.74392,1.2008,1.20343,998.895,29985.3,1070.31,82,16.7018,0,573.567,0.0731416,-2.74961,1.2034,1.20985,1000.5,29968.3,1068.97,82.9581,13720,13838
Batch_300001674:Shower_261,10,0,7014,16.7401,0.571705,579.1,0.0772803,2.67069,2.53286,1.58566,2037.12,28959.3,2037.34,82.8808,16.7734,0,615.251,0.0822827,2.64696,2.53576,1.61242,2074.46,28923.2,2073.39,84.9771,13838,13879
Batch_300001674:Shower_280,10,6,7014,16.7401,0.571523,579.1,0.0772803,2.22901,2.4806,1.94343,3030.24,26909.2,3253.53,84.5544,17.0278,0,775.829,0.148457,2.23663,2.48295,1.9706,3145.23,26668.7,3408.83,40.6345,13879,13959
Batch_300001674:Shower_1123,10,4,2212,16.5061,0.419996,715.019,0.0458566,0.797443,1.8124,2.69367,1311.31,29987.8,3027.74,96.2453,16.328,0,497.367,0.028797,0.856314,1.89142,2.64301,1450.43,30030.4,3049.31,94.5268,13959,13992
Batch_300001674:Shower_1183,5,5,2212,15.5212,0.739512,603.396,0.00456429,-1.82089,1.28798,0.879003,241.987,29999.8,314.227,99.0536,-inf,0,0,0,0.711237,0.65073,2.2549,56.9102,29404.2,48.8644,-123,13992,14052
Batch_300001674:Shower_1264,9,7,2004,15.7051,0.495845,663.681,0.00708629,1.11378,2.25881,2.44422,1021.27,29991.7,1590.24,96.7298,-inf,0,0,0,1.31873,2.38044,2.36826,901.586,29906.8,1321.36,93.943,14052,14084
Batch_300001674:Shower_1286,10,4,2004,15.7051,0.495895,663.681,0.00708629,-0.0349716,0.750298,2.32679,964.462,29992.1,1325.56,97.1374,15.7163,0,514.936,0.00700202,0.0544175,0.797667,2.36739,922.63,30029,1311.5,97.6431,14084,14116
Batch_300001674:Shower_2904,10,1,2004,16.8627,0.831934,682.432,0.116994,-2.80868,1.17399,1.12407,2133.81,28937,2365.99,43.5644,16.8536,0,666.182,0.0997273,-2.82677,1.18947,1.121,2091.33,28950.8,2322.58,52.0501,14116,14176
Batch_300001674:Shower_2926,10,1,2004,16.8627,0.831969,682.432,0.116994,3.0236,1.4211,0.999497,1936.87,29947.6,2302.51,56.3386,16.849,0,669.516,0.0988509,3.01792,1.42477,0.984315,1907.98,30012.9,2292.17,67.2051,14176,14227
Batch_300001674:Shower_2931,10,0,2004,16.8627,0.831975,682.432,0.116994,2.23548,1.91153,1.08121,2409.33,27919.3,2730.03,39.7397,16.9773,0,703.554,0.131433,2.22956,1.91691,1.09765,2448.78,27835.6,2749.86,43.3796,14227,14289
Batch_300001674:Shower_2944,10,0,2004,16.8627,0.831872,682.432,0.116994,1.78989,2.08402,1.269,2006.99,28943.6,2101.99,41.9455,16.9127,0,678.346,0.112908,1.7777,2.08823,1.25847,2016.68,28986.9,2120.26,47.3937,14289,14373
Batch_300001674:Shower_6610,10,4,2004,15.9129,0.765647,552.854,0.0119139,-1.94623,0.927778,1.27539,1052.98,28985.8,1100.66,91.4997,16.0735,0,625.718,0.0157848,-1.93635,0.924496,1.29397,1116.44,28942,1159.72,94.1462,14373,14392
Batch_300001674:Shower_6615,10,4,2004,15.9129,0.765651,552.854,0.0119139,-1.96123,0.931494,1.26642,1089.53,28985.1,1142.02,90.9166,16.283,0,848.623,0.0254126,-1.9696,0.931526,1.29989,1000.38,28927.3,1032.58,93.7657,14392,14411
Batch_300001128:Shower_5344,10,1,2212,15.4973,0.763126,565.666,0.00461838,2.64295,2.05531,1.03981,1009.32,29987,1170.48,90.8619,15.5609,0,576.567,0.00493058,2.56362,2.11369,1.08513,1063.23,29968.2,1197.35,94.4399,14411,14431
Batch_300001128:Shower_5373,10,1,7014,16.2703,0.561816,561.322,0.0277059,-1.60525,0.87553,2.32049,923.353,29992,1261.59,96.596,16.1286,0,406.467,0.0165007,-1.6252,0.870108,2.27404,876.378,30059.6,1157.99,98.1879,14431,14478
Batch_300001128:Shower_5446,10,1,2004,15.8395,0.7343,525.4,0.0111249,2.71429,2.06251,0.984214,1577.05,28969.9,1893.59,85.0393,15.8525,0,519.431,0.00959506,2.79757,1.98276,0.944196,1553.98,28984.6,1924.9,90.4397,14478,14498
Batch_300001128:Shower_6249,5,5,2004,15.6065,0.697548,900.214,0.00599866,-1.69203,1.12168,2.25581,209.937,30000.3,271.093,97.5007,-inf,0,0,0,0.758674,2.32145,1.99374,38.1352,29924.3,63.3454,-123,14498,14570
Batch_300001128:Shower_6818,10,0,2004,17.1851,0.649811,676.657,0.241144,-1.86054,0.736414,1.82565,2142.25,29786.7,2213.76,56.5274,17.4369,0,620.931,0.386986,-1.85374,0.732354,1.89176,2113.16,29556.8,2221.86,38.1745,14570,14641
Batch_300001128:Shower_6838,10,1,2004,17.1851,0.649427,676.657,0.241144,-0.799412,1.37378,2.41709,2659.86,27920.3,4013.29,41.5948,17.1708,0,600.751,0.210404,-0.793142,1.37872,2.37137,2563.33,28146.8,3689.11,64.2152,14641,14655
Batch_300001128:Shower_6842,10,0,2004,17.1851,0.649594,676.657,0.241144,-0.162402,2.05411,2.31737,2103.12,28950.2,2865.22,52.3092,17.4274,0,822.553,0.380579,-0.140784,2.06204,2.33991,2101.38,28852.1,2922.96,63.9933,14655,14706
Batch_300000698:Shower_1317,5,4,2212,16.2886,0.713787,689.915,0.0306538,2.00928,2.34255,1.48114,607.139,29996.4,609.587,94.8485,-inf,0,0,0,1.71922,1.90496,3.27939,259.349,30787.9,5533.72,-123,14706,14762
Batch_300000698:Shower_1648,10,1,2212,15.9461,0.550742,779.052,0.012315,-1.23793,0.589457,1.43467,1676.28,28973.4,1691.94,89.5718,15.8917,0,720.761,0.0102121,-1.2444,0.587342,1.43063,1666.83,28969.1,1683.81,94.1214,14762,14782
Batch_300000698:Shower_4533,10,1,2212,16.76,0.854509,634.377,0.0954168,2.85635,1.60196,1.02513,1689.28,29959.6,1976.27,71.173,16.8124,0,656.546,0.0899872,2.85545,1.60008,1.01587,1698.89,29982.6,1999.66,74.1179,14782,14838
Batch_300000698:Shower_6087,10,4,2004,15.9681,0.754628,680.356,0.0136,-1.47117,1.11655,2.14448,803.668,29992.3,956.85,90.6779,15.847,0,644.147,0.00938021,-1.50971,1.10594,2.11251,745.288,30022.5,874.951,97.2114,14838,14864
Batch_300000698:Shower_7412,10,0,26056,16.6699,0.70595,586.893,0.0653645,-0.803487,0.784113,1.59506,1531.45,28972,1531.9,81.9488,16.7963,0,686.835,0.0883432,-0.845159,0.793029,1.58779,1566.6,28905.4,1567.72,85.333,14864,14888
Batch_300000398:Shower_4373,5,4,2004,16.1043,0.808633,739.273,0.0162238,2.92889,2.0683,1.1685,542.116,29996.4,589.151,94.6265,-inf,0,0,0,2.94634,2.15096,1.85978,536.459,29045.3,524.031,-123,14888,14927
Batch_300000398:Shower_5774,10,1,7014,16.7731,0.661325,563.281,0.0875086,0.224029,1.9173,2.36138,1639.17,29970,2330.25,78.1272,16.7745,0,580.358,0.0814172,0.231541,1.92225,2.35432,1643.1,29975.1,2320.49,83.3493,14927,14978
Batch_300000398:Shower_6067,10,5,7014,15.9211,0.717199,559.687,0.0119642,-0.703161,1.89298,2.28397,1052.27,29986.8,1391.36,91.542,16.2111,0,609.003,0.0219571,-0.767641,1.84568,2.32704,1260.94,29889.1,1742.33,90.7376,14978,14995
Batch_300000398:Shower_8177,10,1,2212,16.027,0.702046,793.693,0.0135716,-2.5733,0.945887,1.04635,691.04,29994.5,798.334,93.0495,16.1165,0,817.29,0.0174415,-2.55694,0.934114,1.07154,720.118,29963.6,817.544,94.4695,14995,15052
Batch_300000398:Shower_8721,10,4,2004,16.0307,0.754323,610.128,0.0152652,-0.787197,0.86775,1.72018,1250.6,29980.5,1264.68,80.3755,15.9412,0,670.213,0.0116507,-0.614829,0.858178,1.82763,1115.77,30022.6,1143.19,89.8563,15052,15077
Batch_300001784:Shower_255,5,2,2212,16.1804,0.516016,663.502,0.0226673,-1.61028,0.550908,1.73841,1535.89,29979.7,1557.72,92.942,-inf,0,0,0,-0.428807,0.510566,2.03224,88.8921,27971.5,118.677,-123,15077,15110
Batch_300001784:Shower_4303,3,6,7014,15.5341,0.520012,477.317,0.00476959,-1.95821,0.594391,1.95036,1061.72,29989.9,1143.07,97.4178,-inf,0,0,0,-0.419272,0.0200673,0.0867209,-146.879,-165.25,-nan,-123,15110,15114
Batch_300001784:Shower_4524,10,7,2004,16.1657,0.749641,624.044,0.0206104,-2.84456,2.15988,1.12319,1703.55,28963.5,1889.71,71.6277,16.2037,0,569.735,0.0216575,-2.69106,2.04753,1.0471,1791.38,28922.4,2076.77,80.6905,15114,15132
Batch_300001784:Shower_4527,10,1,2004,16.1657,0.749627,624.044,0.0206104,-2.71768,2.10368,1.0556,1276.44,28979.8,1466.84,83.2143,16.2565,0,640.745,0.0244581,-2.67114,2.0652,1.04944,1340.96,28918.7,1546.9,89.6402,15132,15156
Batch_300001784:Shower_9969,10,1,7014,15.9237,0.756716,544.643,0.0121837,-2.5544,0.972585,1.15727,750.88,29993.1,819.997,94.5882,15.9925,0,574.55,0.0131745,-2.52672,0.958138,1.17648,769.274,29983.9,831.52,96.8591,15156,15196
Batch_300000815:Shower_2093,10,7,7014,15.7654,0.686812,629.898,0.00709199,2.2355,2.36848,1.75238,1269.79,29981.7,1291.02,84.5555,15.89,0,711.626,0.0103242,2.31253,2.37029,1.71779,1299.83,29922,1317.6,91.6623,15196,15224
Batch_300000815:Shower_5414,10,4,2212,16.0607,0.720394,725.941,0.017644,-2.62548,0.907333,1.1538,1074.01,29986.3,1174.67,86.2497,16.2376,0,847.311,0.0229992,-2.61306,0.89959,1.20276,1080.37,29888.8,1153.5,86.9663,15224,15280
Batch_300000815:Shower_5720,10,7,2212,15.9833,0.559634,733.843,0.0150294,1.28252,1.90721,2.50649,1474.2,28978.9,2484.9,80.3097,16.0124,0,753.029,0.0134855,1.37236,1.97777,2.46806,1456.81,28987.6,2346.21,89.9329,15280,15314
Batch_300000815:Shower_6564,10,4,2212,15.7541,0.804755,601.673,0.00852123,-3.01138,1.65997,0.940549,908.308,29989.4,1124.31,90.4369,16.1763,0,791.751,0.0198358,-2.98563,1.6376,0.987081,942.004,29887.5,1123.41,92.3157,15314,15339
Batch_300000815:Shower_6597,5,5,2212,15.7541,0.804678,601.673,0.00852123,2.60603,2.05244,1.1384,375.705,29999,413.789,97.1453,-inf,0,0,0,6.93116,2.8744,1.9577,48.0978,28936.4,15.978,-123,15339,15383
Batch_300000815:Shower_6666,10,1,7014,15.863,0.68844,533.451,0.00971567,-0.559037,1.32489,2.35212,948.131,29989.8,1335.43,92.3941,15.8642,0,559.974,0.00983126,-0.620745,1.2841,2.33581,945.111,29983.5,1313.07,95.0446,15383,15420
Batch_300000815:Shower_7743,5,4,7014,15.3274,0.650971,468.887,0.00296506,-2.0231,1.36409,0.727707,80.3674,30000.9,120.824,99.8474,-inf,0,0,0,0.820328,0.545458,2.23398,28.1225,29333.2,18.7451,-123,15420,15476
Batch_300000815:Shower_8169,5,0,2004,16.7757,0.522511,748.054,0.0840953,2.34531,2.59165,1.58583,927.456,29992.6,927.561,97.179,-inf,0,0,0,2.21191,2.72409,3.05568,602.722,28009.1,2949.63,-123,15476,15518
Batch_300000815:Shower_8187,5,0,2004,16.7757,0.522412,748.054,0.0840953,1.54238,2.40934,2.24425,804.773,29994.2,1029.55,97.1628,-inf,0,0,0,0.940476,2.46664,1.44756,340.348,28333.5,436.459,-123,15518,15589
Batch_300000815:Shower_8200,10,0,2004,16.7757,0.522403,748.054,0.0840953,1.95443,2.55274,1.91631,1939.14,29965.9,2060.94,83.4199,16.7885,0,771.39,0.0831353,1.927,2.55093,1.94157,1942.13,29956.8,2079.52,86.5877,15589,15626
Batch_300000815:Shower_9276,10,0,2212,16.5349,0.721932,748.881,0.060248,2.5756,2.31559,1.76067,1700.13,28964.7,1731.25,50.3096,16.5621,0,735.197,0.0492993,2.57376,2.31617,1.73466,1649,29074.1,1673.82,60.9362,15626,15668
Batch_300001839:Shower_642,10,4,2212,15.6567,0.773751,574.602,0.00800552,-1.87904,0.981452,1.19637,1033.1,29986.4,1110,88.1227,15.9016,0,423.501,0.0108307,-1.81789,0.953466,1.21531,1255.94,29977.6,1343.09,93.8735,15668,15691
Batch_300001839:Shower_887,10,7,2004,15.7347,0.745506,530.063,0.00785104,0.660222,1.63829,2.29748,1052.83,29986.1,1408.69,90.5798,15.8933,0,623.933,0.0104215,0.583085,1.58786,2.31479,1060.19,29968,1438.15,94.9032,15691,15715
Batch_300001839:Shower_4489,10,7,26056,16.2901,0.544475,547.103,0.0265563,0.948418,2.40168,2.2009,1864.66,29967.8,2307.84,85.8917,16.192,0,736.195,0.0204124,0.921858,2.39628,2.23548,1640.9,29985.4,2084.09,90.0422,15715,15740
Batch_300001839:Shower_9222,10,1,2004,16.1755,0.618602,555.648,0.0230956,-0.614141,1.14669,2.39501,1870.15,28962.7,2753.73,79.5388,16.4448,0,726.363,0.0375237,-0.689487,1.09421,2.40318,1997.17,28791.7,2960.42,75.5264,15740,15756
Batch_300000354:Shower_602,5,7,26056,15.5816,0.679443,475.197,0.00507661,2.93625,1.76007,0.76381,950.587,29990.5,1374.32,96.5321,-inf,0,0,0,6.77807,1.82391,2.14423,28.9931,30087.8,-5.59641,-123,15756,15781
Batch_300000354:Shower_899,5,5,7014,15.7863,0.586477,577.036,0.00897692,-0.950057,0.632443,1.446,556.446,29997.2,560.808,98.773,-inf,0,0,0,0.57634,0.536651,2.30243,208.937,28952.3,195.26,-123,15781,15820
Batch_300000354:Shower_2775,10,1,2212,16.5418,0.534564,647.861,0.051631,-0.470356,0.815402,2.31619,2221.17,28647.4,3022.75,68.3797,16.6963,0,425.345,0.0698629,-0.548064,0.795379,2.2245,2401.82,28718.6,3041.95,59.708,15820,15835
Batch_300000354:Shower_4428,10,7,26056,15.7474,0.576767,543.672,0.00720519,-1.18018,0.713141,2.06174,1449.71,29979.5,1643.87,90.4453,15.7029,0,700.77,0.0066302,-0.971727,0.763506,2.234,1324.72,29982.2,1655.25,94.5621,15835,15861
Batch_300000354:Shower_4465,10,1,26056,16.1714,0.860347,572.81,0.0198281,-1.80759,1.13234,1.25385,962.077,29987.4,1012.51,83.0884,16.1876,0,559.925,0.0205883,-1.80588,1.13088,1.25888,976.499,29976.3,1025.78,89.5123,15861,15901
Batch_300000354:Shower_4488,10,1,26056,16.1714,0.860334,572.81,0.0198281,-1.74093,1.11358,1.28273,795.882,29991.4,830.086,87.6371,16.464,0,409.799,0.0404745,-1.7481,1.11299,1.30382,797.621,29954.6,824.906,88.9361,15901,15952
Batch_300000354:Shower_7716,5,4,7014,16.025,0.743157,593.814,0.0155206,2.94569,1.40644,0.852961,774.436,29993.3,1028.15,95.2035,-inf,0,0,0,2.9934,1.65377,2.37388,313.375,28250.3,490.359,-123,15952,15972
Batch_300000659:Shower_2414,10,1,7014,16.8329,0.84842,697.419,0.0999652,2.8798,1.01373,1.60004,1902.05,29080.1,1902.86,27.4851,16.7126,0,651.726,0.070567,2.8934,1.00022,1.44608,1948.05,29660.8,1956.29,37.9995,15972,16052
Batch_300000101:Shower_2662,5,4,2004,15.9511,0.723994,568.06,0.0139413,-0.679593,1.63118,2.32999,316.04,29999.7,435.681,98.7675,-inf,0,0,0,0.745207,2.42826,1.82936,198.446,29732.4,231.268,-123,16052,16122
Batch_300000101:Shower_8873,5,7,2004,15.7145,0.613922,746.372,0.00722071,2.18524,2.15689,0.828232,1306.84,28982.4,1773.82,92.6255,-inf,0,0,0,1.817,1.99203,2.35957,435.146,30525.4,507.279,-123,16122,16138
Batch_300000101:Shower_9555,10,4,26056,16.8936,0.757489,642.887,0.107693,-0.16944,1.84071,2.23705,1336.13,29977.7,1699.61,76.9284,16.8545,0,532.2,0.09965,-0.210539,1.81857,2.22153,1344.95,30019.6,1691.76,94.4917,16138,16153
Batch_300000101:Shower_9572,10,1,26056,16.8936,0.757634,642.887,0.107693,-1.97833,0.861708,1.62877,2039.43,28946.7,2042.86,48.1873,16.8463,0,651.39,0.0956655,-1.9773,0.861696,1.61652,1969.65,29029.8,1972.71,56.2096,16153,16202
Batch_300000752:Shower_46,5,5,2004,15.4062,0.726129,552.93,0.00351306,2.80589,0.94664,1.10807,476.648,29997.4,532.663,97.197,-inf,0,0,0,6.57354,2.65065,1.80331,-10.7306,29538.7,8.45919,-123,16202,16230
Batch_300000752:Shower_9555,10,1,2004,16.8446,0.68232,609.204,0.107649,-2.34797,0.795863,1.26952,1475.34,29975.6,1544.93,84.0833,16.8331,0,611.494,0.0932762,-2.3583,0.799506,1.25531,1447.14,30004.7,1523.51,87.4082,16230,16299
Batch_300000752:Shower_9578,10,0,2004,16.8446,0.682247,609.204,0.107649,1.20514,2.3907,1.5755,1402.34,28977.4,1402.36,83.6675,16.8552,0,625.411,0.102085,1.2035,2.39125,1.58425,1391.94,28967.3,1391.2,85.5076,16299,16363
Batch_300000355:Shower_681,10,5,26056,15.6042,0.694004,494.571,0.00530942,3.03419,2.3265,1.26485,912.55,29990.2,956.99,94.9821,15.4611,0,527.502,0.00391038,3.04293,2.32665,1.25721,845.371,30004.5,888.313,97.3409,16363,16391
Batch_300000355:Shower_720,5,5,2212,16.2144,0.775306,647.972,0.0258566,-1.34402,0.978049,1.20764,250.758,30000,268.254,98.6414,-inf,0,0,0,0.909107,0.626706,2.37386,117.886,29403.2,101.225,-123,16391,16481
Batch_300000355:Shower_1535,10,1,7014,16.6354,0.652669,606.696,0.060121,0.308982,1.20076,2.36584,906.714,29990.9,1294.83,92.8925,16.6282,0,668.392,0.0590778,0.309164,1.19909,2.37542,907.399,29982.2,1306.84,94.0933,16481,16535
Batch_300000355:Shower_1543,10,1,7014,16.6354,0.653094,606.696,0.060121,-2.01226,1.07937,0.833794,1961.38,28958.1,2648.77,84.7651,16.6034,0,684.823,0.0554203,-1.8184,0.888007,0.946078,1862.38,28942.7,2273.45,88.9249,16535,16563
Batch_300000355:Shower_3993,10,4,7014,16.0146,0.819606,572.994,0.0132576,-2.78573,1.7757,0.991765,1378.79,28974.5,1647.31,78.6691,16.1617,0,627.327,0.0194123,-2.70657,1.69728,1.00467,1476.83,28875.1,1748.41,83.9847,16563,16602
Batch_300000355:Shower_5085,10,1,26056,16.5839,0.597764,554.212,0.0520292,-1.94206,0.809062,0.97163,2139.59,29954,2590.91,85.8171,16.7127,0,671.016,0.0713566,-1.93504,0.802207,0.998501,2221.56,29849.2,2639.18,88.551,16602,16629
Batch_300000355:Shower_9453,10,4,26056,16.1136,0.753848,555.314,0.0179183,-2.7463,0.899345,1.29738,900.327,29989.7,935.062,93.5095,16.3669,0,791.581,0.0311866,-2.75948,0.904146,1.32267,888.052,29922.2,914.79,95.4896,16629,16669
Batch_300000355:Shower_9681,10,1,26056,16.1269,0.828898,506.741,0.0191914,2.89491,1.12234,1.16748,1494.54,28969.2,1624.91,76.421,16.4986,0,592.197,0.0432355,2.75683,1.21966,1.22423,1542,28611.3,1638.56,62.2227,16669,16688
Batch_300000497:Shower_1179,10,0,2004,16.4697,0.554028,637.553,0.0478647,-1.04966,0.602697,1.35755,1804.93,28969.9,1846.76,90.8304,16.8298,0,1094.38,0.096854,-0.958365,0.57225,1.50805,1684.3,28797,1665.23,83.9075,16688,16723
Batch_300000497:Shower_1200,10,1,2004,16.4697,0.553612,637.553,0.0478647,0.498694,1.17786,2.49842,1694.27,28972.9,2825.03,80.2003,16.5546,0,728.799,0.048478,0.567506,1.24155,2.53671,1686.19,28938.9,2956.46,85.2563,16723,16757
Batch_300000497:Shower_7981,5,5,2004,15.6012,0.701534,506.805,0.0063548,-2.24408,0.841811,1.22445,113.233,30000.5,120.382,99.6967,-inf,0,0,0,0.676385,1.89037,2.47337,4.23765,29340.5,10.8126,-123,16757,16823
